Floor,Zone,Encounter_Type,Is_Boss,Visual_Theme,BG_Path,BG_Prompt,BG_Size,BG_Status,Parallax_Path,Parallax_Prompt,Parallax_Status,Prop_1,Prop_2,Prop_3,Prop_Folder,Map_Preview_Path,Map_Preview_Status,Map_Populated_Path,Map_Populated_Status
1,Grasslands,Outdoors,No,Sunlit Meadow,floors/backgrounds/floor_001.png,"wide panoramic battle background, 1536x1024, no characters, no creatures, no UI, Sunlit Meadow, Grasslands zone, outdoors terrain, dark-fantasy painterly illustration, dramatic lighting, vivid colors, no text, no watermark",1536x1024,generated,floors/parallax/grasslands_par.png,"seamless parallax layer, 2304x1024, tileable horizontal, sunlit meadow, atmospheric depth layers, dark-fantasy painterly illustration, dramatic lighting, vivid colors, no text, no watermark",prompt_ready,scattered wildflowers,lone standing stone,broken fence,floors/props/grasslands/,floors/previews/floor_001_empty.png,pending,floors/previews/floor_001_populated.png,pending
2,Grasslands,Cave,No,Hollow Burrow,floors/backgrounds/floor_002.png,"wide panoramic battle background, 1536x1024, no characters, no creatures, no UI, Hollow Burrow, Grasslands zone, cave terrain, dark-fantasy painterly illustration, dramatic lighting, vivid colors, no text, no watermark",1536x1024,generated,floors/parallax/grasslands_par.png,"seamless parallax layer, 2304x1024, tileable horizontal, sunlit meadow, atmospheric depth layers, dark-fantasy painterly illustration, dramatic lighting, vivid colors, no text, no watermark",prompt_ready,scattered wildflowers,lone standing stone,broken fence,floors/props/grasslands/,floors/previews/floor_002_empty.png,pending,floors/previews/floor_002_populated.png,pending
3,Grasslands,Fishing,No,Meadow Stream,floors/backgrounds/floor_003.png,"wide panoramic battle background, 1536x1024, no characters, no creatures, no UI, Meadow Stream, Grasslands zone, fishing terrain, dark-fantasy painterly illustration, dramatic lighting, vivid colors, no text, no watermark",1536x1024,prompt_ready,floors/parallax/grasslands_par.png,"seamless parallax layer, 2304x1024, tileable horizontal, sunlit meadow, atmospheric depth layers, dark-fantasy painterly illustration, dramatic lighting, vivid colors, no text, no watermark",prompt_ready,scattered wildflowers,lone standing stone,broken fence,floors/props/grasslands/,floors/previews/floor_003_empty.png,pending,floors/previews/floor_003_populated.png,pending
4,Grasslands,Outdoors,No,Rolling Hills,floors/backgrounds/floor_004.png,"wide panoramic battle background, 1536x1024, no characters, no creatures, no UI, Rolling Hills, Grasslands zone, outdoors terrain, dark-fantasy painterly illustration, dramatic lighting, vivid colors, no text, no watermark",1536x1024,prompt_ready,floors/parallax/grasslands_par.png,"seamless parallax layer, 2304x1024, tileable horizontal, sunlit meadow, atmospheric depth layers, dark-fantasy painterly illustration, dramatic lighting, vivid colors, no text, no watermark",prompt_ready,scattered wildflowers,lone standing stone,broken fence,floors/props/grasslands/,floors/previews/floor_004_empty.png,pending,floors/previews/floor_004_populated.png,pending
5,Grasslands,Outdoors,No,Windswept Rise,floors/backgrounds/floor_005.png,"wide panoramic battle background, 1536x1024, no characters, no creatures, no UI, Windswept Rise, Grasslands zone, outdoors terrain, dark-fantasy painterly illustration, dramatic lighting, vivid colors, no text, no watermark",1536x1024,prompt_ready,floors/parallax/grasslands_par.png,"seamless parallax layer, 2304x1024, tileable horizontal, sunlit meadow, atmospheric depth layers, dark-fantasy painterly illustration, dramatic lighting, vivid colors, no text, no watermark",prompt_ready,scattered wildflowers,lone standing stone,broken fence,floors/props/grasslands/,floors/previews/floor_005_empty.png,pending,floors/previews/floor_005_populated.png,pending
6,Grasslands,Outdoors,No,Thistle Field,floors/backgrounds/floor_006.png,"wide panoramic battle background, 1536x1024, no characters, no creatures, no UI, Thistle Field, Grasslands zone, outdoors terrain, dark-fantasy painterly illustration, dramatic lighting, vivid colors, no text, no watermark",1536x1024,prompt_ready,floors/parallax/grasslands_par.png,"seamless parallax layer, 2304x1024, tileable horizontal, sunlit meadow, atmospheric depth layers, dark-fantasy painterly illustration, dramatic lighting, vivid colors, no text, no watermark",prompt_ready,scattered wildflowers,lone standing stone,broken fence,floors/props/grasslands/,floors/previews/floor_006_empty.png,pending,floors/previews/floor_006_populated.png,pending
7,Grasslands,Fishing,No,Grazing Pond,floors/backgrounds/floor_007.png,"wide panoramic battle background, 1536x1024, no characters, no creatures, no UI, Grazing Pond, Grasslands zone, fishing terrain, dark-fantasy painterly illustration, dramatic lighting, vivid colors, no text, no watermark",1536x1024,prompt_ready,floors/parallax/grasslands_par.png,"seamless parallax layer, 2304x1024, tileable horizontal, sunlit meadow, atmospheric depth layers, dark-fantasy painterly illustration, dramatic lighting, vivid colors, no text, no watermark",prompt_ready,scattered wildflowers,lone standing stone,broken fence,floors/props/grasslands/,floors/previews/floor_007_empty.png,pending,floors/previews/floor_007_populated.png,pending
8,Grasslands,Cave,No,Root Hollow,floors/backgrounds/floor_008.png,"wide panoramic battle background, 1536x1024, no characters, no creatures, no UI, Root Hollow, Grasslands zone, cave terrain, dark-fantasy painterly illustration, dramatic lighting, vivid colors, no text, no watermark",1536x1024,prompt_ready,floors/parallax/grasslands_par.png,"seamless parallax layer, 2304x1024, tileable horizontal, sunlit meadow, atmospheric depth layers, dark-fantasy painterly illustration, dramatic lighting, vivid colors, no text, no watermark",prompt_ready,scattered wildflowers,lone standing stone,broken fence,floors/props/grasslands/,floors/previews/floor_008_empty.png,pending,floors/previews/floor_008_populated.png,pending
9,Grasslands,Outdoors,No,Wildflower Expanse,floors/backgrounds/floor_009.png,"wide panoramic battle background, 1536x1024, no characters, no creatures, no UI, Wildflower Expanse, Grasslands zone, outdoors terrain, dark-fantasy painterly illustration, dramatic lighting, vivid colors, no text, no watermark",1536x1024,prompt_ready,floors/parallax/grasslands_par.png,"seamless parallax layer, 2304x1024, tileable horizontal, sunlit meadow, atmospheric depth layers, dark-fantasy painterly illustration, dramatic lighting, vivid colors, no text, no watermark",prompt_ready,scattered wildflowers,lone standing stone,broken fence,floors/props/grasslands/,floors/previews/floor_009_empty.png,pending,floors/previews/floor_009_populated.png,pending
10,Grasslands,Cave,Yes,The Alpha's Den,floors/backgrounds/floor_010.png,"wide panoramic battle background, 1536x1024, no characters, no creatures, no UI, boss arena, The Alpha's Den, enclosed space, ominous atmosphere, dark-fantasy painterly illustration, dramatic lighting, vivid colors, no text, no watermark",1024x1024,prompt_ready,floors/parallax/grasslands_par.png,"seamless parallax layer, 2304x1024, tileable horizontal, sunlit meadow, atmospheric depth layers, dark-fantasy painterly illustration, dramatic lighting, vivid colors, no text, no watermark",prompt_ready,scattered wildflowers,lone standing stone,broken fence,floors/props/grasslands/,floors/previews/floor_010_empty.png,pending,floors/previews/floor_010_populated.png,pending
11,Tidal Shallows,Fishing,No,Bright turquoise shallows over a pale sandbar,floors/backgrounds/floor_011.png,"wide panoramic battle background, 1536x1024, no characters, no creatures, no UI, Bright turquoise shallows over a pale sandbar, Tidal Shallows zone, fishing terrain, dark-fantasy painterly illustration, dramatic lighting, vivid colors, no text, no watermark",1536x1024,prompt_ready,floors/parallax/tidal_shallows_par.png,"seamless parallax layer, 2304x1024, tileable horizontal, turquoise reef shelf, atmospheric depth layers, dark-fantasy painterly illustration, dramatic lighting, vivid colors, no text, no watermark",prompt_ready,driftwood,kelp fronds,stranded shell,floors/props/tidal_shallows/,floors/previews/floor_011_empty.png,pending,floors/previews/floor_011_populated.png,pending
12,Tidal Shallows,Outdoors,No,Driftwood-littered dunes at low tide,floors/backgrounds/floor_012.png,"wide panoramic battle background, 1536x1024, no characters, no creatures, no UI, Driftwood-littered dunes at low tide, Tidal Shallows zone, outdoors terrain, dark-fantasy painterly illustration, dramatic lighting, vivid colors, no text, no watermark",1536x1024,prompt_ready,floors/parallax/tidal_shallows_par.png,"seamless parallax layer, 2304x1024, tileable horizontal, turquoise reef shelf, atmospheric depth layers, dark-fantasy painterly illustration, dramatic lighting, vivid colors, no text, no watermark",prompt_ready,driftwood,kelp fronds,stranded shell,floors/props/tidal_shallows/,floors/previews/floor_012_empty.png,pending,floors/previews/floor_012_populated.png,pending
13,Tidal Shallows,Cave,No,Small tidewashed grotto at the cliff base,floors/backgrounds/floor_013.png,"wide panoramic battle background, 1536x1024, no characters, no creatures, no UI, Small tidewashed grotto at the cliff base, Tidal Shallows zone, cave terrain, dark-fantasy painterly illustration, dramatic lighting, vivid colors, no text, no watermark",1536x1024,prompt_ready,floors/parallax/tidal_shallows_par.png,"seamless parallax layer, 2304x1024, tileable horizontal, turquoise reef shelf, atmospheric depth layers, dark-fantasy painterly illustration, dramatic lighting, vivid colors, no text, no watermark",prompt_ready,driftwood,kelp fronds,stranded shell,floors/props/tidal_shallows/,floors/previews/floor_013_empty.png,pending,floors/previews/floor_013_populated.png,pending
14,Tidal Shallows,Fishing,No,Dense kelp forest swaying in the current,floors/backgrounds/floor_014.png,"wide panoramic battle background, 1536x1024, no characters, no creatures, no UI, Dense kelp forest swaying in the current, Tidal Shallows zone, fishing terrain, dark-fantasy painterly illustration, dramatic lighting, vivid colors, no text, no watermark",1536x1024,prompt_ready,floors/parallax/tidal_shallows_par.png,"seamless parallax layer, 2304x1024, tileable horizontal, turquoise reef shelf, atmospheric depth layers, dark-fantasy painterly illustration, dramatic lighting, vivid colors, no text, no watermark",prompt_ready,driftwood,kelp fronds,stranded shell,floors/props/tidal_shallows/,floors/previews/floor_014_empty.png,pending,floors/previews/floor_014_populated.png,pending
15,Tidal Shallows,Fishing,No,Half-submerged ruins guarded by a barbed shape,floors/backgrounds/floor_015.png,"wide panoramic battle background, 1536x1024, no characters, no creatures, no UI, Half-submerged ruins guarded by a barbed shape, Tidal Shallows zone, fishing terrain, dark-fantasy painterly illustration, dramatic lighting, vivid colors, no text, no watermark",1536x1024,prompt_ready,floors/parallax/tidal_shallows_par.png,"seamless parallax layer, 2304x1024, tileable horizontal, turquoise reef shelf, atmospheric depth layers, dark-fantasy painterly illustration, dramatic lighting, vivid colors, no text, no watermark",prompt_ready,driftwood,kelp fronds,stranded shell,floors/props/tidal_shallows/,floors/previews/floor_015_empty.png,pending,floors/previews/floor_015_populated.png,pending
16,Tidal Shallows,Outdoors,No,Tidepool flats cut by narrow channels,floors/backgrounds/floor_016.png,"wide panoramic battle background, 1536x1024, no characters, no creatures, no UI, Tidepool flats cut by narrow channels, Tidal Shallows zone, outdoors terrain, dark-fantasy painterly illustration, dramatic lighting, vivid colors, no text, no watermark",1536x1024,prompt_ready,floors/parallax/tidal_shallows_par.png,"seamless parallax layer, 2304x1024, tileable horizontal, turquoise reef shelf, atmospheric depth layers, dark-fantasy painterly illustration, dramatic lighting, vivid colors, no text, no watermark",prompt_ready,driftwood,kelp fronds,stranded shell,floors/props/tidal_shallows/,floors/previews/floor_016_empty.png,pending,floors/previews/floor_016_populated.png,pending
17,Tidal Shallows,Fishing,No,Undertow channel with a fast-pulling current,floors/backgrounds/floor_017.png,"wide panoramic battle background, 1536x1024, no characters, no creatures, no UI, Undertow channel with a fast-pulling current, Tidal Shallows zone, fishing terrain, dark-fantasy painterly illustration, dramatic lighting, vivid colors, no text, no watermark",1536x1024,prompt_ready,floors/parallax/tidal_shallows_par.png,"seamless parallax layer, 2304x1024, tileable horizontal, turquoise reef shelf, atmospheric depth layers, dark-fantasy painterly illustration, dramatic lighting, vivid colors, no text, no watermark",prompt_ready,driftwood,kelp fronds,stranded shell,floors/props/tidal_shallows/,floors/previews/floor_017_empty.png,pending,floors/previews/floor_017_populated.png,pending
18,Tidal Shallows,Fishing,No,Barnacle-crusted reef breaking the surface,floors/backgrounds/floor_018.png,"wide panoramic battle background, 1536x1024, no characters, no creatures, no UI, Barnacle-crusted reef breaking the surface, Tidal Shallows zone, fishing terrain, dark-fantasy painterly illustration, dramatic lighting, vivid colors, no text, no watermark",1536x1024,prompt_ready,floors/parallax/tidal_shallows_par.png,"seamless parallax layer, 2304x1024, tileable horizontal, turquoise reef shelf, atmospheric depth layers, dark-fantasy painterly illustration, dramatic lighting, vivid colors, no text, no watermark",prompt_ready,driftwood,kelp fronds,stranded shell,floors/props/tidal_shallows/,floors/previews/floor_018_empty.png,pending,floors/previews/floor_018_populated.png,pending
19,Tidal Shallows,Cave,No,Deep current sinkhole descending into dark water,floors/backgrounds/floor_019.png,"wide panoramic battle background, 1536x1024, no characters, no creatures, no UI, Deep current sinkhole descending into dark water, Tidal Shallows zone, cave terrain, dark-fantasy painterly illustration, dramatic lighting, vivid colors, no text, no watermark",1536x1024,prompt_ready,floors/parallax/tidal_shallows_par.png,"seamless parallax layer, 2304x1024, tileable horizontal, turquoise reef shelf, atmospheric depth layers, dark-fantasy painterly illustration, dramatic lighting, vivid colors, no text, no watermark",prompt_ready,driftwood,kelp fronds,stranded shell,floors/props/tidal_shallows/,floors/previews/floor_019_empty.png,pending,floors/previews/floor_019_populated.png,pending
20,Tidal Shallows,Cave,Yes,"Flooded trench entrance, key-locked stone door",floors/backgrounds/floor_020.png,"wide panoramic battle background, 1536x1024, no characters, no creatures, no UI, boss arena, Flooded trench entrance, key-locked stone door, enclosed space, ominous atmosphere, dark-fantasy painterly illustration, dramatic lighting, vivid colors, no text, no watermark",1024x1024,prompt_ready,floors/parallax/tidal_shallows_par.png,"seamless parallax layer, 2304x1024, tileable horizontal, turquoise reef shelf, atmospheric depth layers, dark-fantasy painterly illustration, dramatic lighting, vivid colors, no text, no watermark",prompt_ready,driftwood,kelp fronds,stranded shell,floors/props/tidal_shallows/,floors/previews/floor_020_empty.png,pending,floors/previews/floor_020_populated.png,pending
21,Desert Plains,Outdoors,No,Sunbaked Flats,floors/backgrounds/floor_021.png,"wide panoramic battle background, 1536x1024, no characters, no creatures, no UI, Sunbaked Flats, Desert Plains zone, outdoors terrain, dark-fantasy painterly illustration, dramatic lighting, vivid colors, no text, no watermark",1536x1024,prompt_ready,floors/parallax/desert_plains_par.png,"seamless parallax layer, 2304x1024, tileable horizontal, rust-red dunes under white sun, atmospheric depth layers, dark-fantasy painterly illustration, dramatic lighting, vivid colors, no text, no watermark",prompt_ready,bleached skull,cracked earth,thorny scrub,floors/props/desert_plains/,floors/previews/floor_021_empty.png,pending,floors/previews/floor_021_populated.png,pending
22,Desert Plains,Outdoors,No,Bone Dune Ridge,floors/backgrounds/floor_022.png,"wide panoramic battle background, 1536x1024, no characters, no creatures, no UI, Bone Dune Ridge, Desert Plains zone, outdoors terrain, dark-fantasy painterly illustration, dramatic lighting, vivid colors, no text, no watermark",1536x1024,prompt_ready,floors/parallax/desert_plains_par.png,"seamless parallax layer, 2304x1024, tileable horizontal, rust-red dunes under white sun, atmospheric depth layers, dark-fantasy painterly illustration, dramatic lighting, vivid colors, no text, no watermark",prompt_ready,bleached skull,cracked earth,thorny scrub,floors/props/desert_plains/,floors/previews/floor_022_empty.png,pending,floors/previews/floor_022_populated.png,pending
23,Desert Plains,Cave,No,Sandworm Burrow,floors/backgrounds/floor_023.png,"wide panoramic battle background, 1536x1024, no characters, no creatures, no UI, Sandworm Burrow, Desert Plains zone, cave terrain, dark-fantasy painterly illustration, dramatic lighting, vivid colors, no text, no watermark",1536x1024,prompt_ready,floors/parallax/desert_plains_par.png,"seamless parallax layer, 2304x1024, tileable horizontal, rust-red dunes under white sun, atmospheric depth layers, dark-fantasy painterly illustration, dramatic lighting, vivid colors, no text, no watermark",prompt_ready,bleached skull,cracked earth,thorny scrub,floors/props/desert_plains/,floors/previews/floor_023_empty.png,pending,floors/previews/floor_023_populated.png,pending
24,Desert Plains,Outdoors,No,Cracked Salt Pan,floors/backgrounds/floor_024.png,"wide panoramic battle background, 1536x1024, no characters, no creatures, no UI, Cracked Salt Pan, Desert Plains zone, outdoors terrain, dark-fantasy painterly illustration, dramatic lighting, vivid colors, no text, no watermark",1536x1024,prompt_ready,floors/parallax/desert_plains_par.png,"seamless parallax layer, 2304x1024, tileable horizontal, rust-red dunes under white sun, atmospheric depth layers, dark-fantasy painterly illustration, dramatic lighting, vivid colors, no text, no watermark",prompt_ready,bleached skull,cracked earth,thorny scrub,floors/props/desert_plains/,floors/previews/floor_024_empty.png,pending,floors/previews/floor_024_populated.png,pending
25,Desert Plains,Outdoors,No,The Sunspire Coil,floors/backgrounds/floor_025.png,"wide panoramic battle background, 1536x1024, no characters, no creatures, no UI, The Sunspire Coil, Desert Plains zone, outdoors terrain, dark-fantasy painterly illustration, dramatic lighting, vivid colors, no text, no watermark",1536x1024,prompt_ready,floors/parallax/desert_plains_par.png,"seamless parallax layer, 2304x1024, tileable horizontal, rust-red dunes under white sun, atmospheric depth layers, dark-fantasy painterly illustration, dramatic lighting, vivid colors, no text, no watermark",prompt_ready,bleached skull,cracked earth,thorny scrub,floors/props/desert_plains/,floors/previews/floor_025_empty.png,pending,floors/previews/floor_025_populated.png,pending
26,Desert Plains,Fishing,No,Hidden Oasis,floors/backgrounds/floor_026.png,"wide panoramic battle background, 1536x1024, no characters, no creatures, no UI, Hidden Oasis, Desert Plains zone, fishing terrain, dark-fantasy painterly illustration, dramatic lighting, vivid colors, no text, no watermark",1536x1024,prompt_ready,floors/parallax/desert_plains_par.png,"seamless parallax layer, 2304x1024, tileable horizontal, rust-red dunes under white sun, atmospheric depth layers, dark-fantasy painterly illustration, dramatic lighting, vivid colors, no text, no watermark",prompt_ready,bleached skull,cracked earth,thorny scrub,floors/props/desert_plains/,floors/previews/floor_026_empty.png,pending,floors/previews/floor_026_populated.png,pending
27,Desert Plains,Outdoors,No,Windcarved Mesa,floors/backgrounds/floor_027.png,"wide panoramic battle background, 1536x1024, no characters, no creatures, no UI, Windcarved Mesa, Desert Plains zone, outdoors terrain, dark-fantasy painterly illustration, dramatic lighting, vivid colors, no text, no watermark",1536x1024,prompt_ready,floors/parallax/desert_plains_par.png,"seamless parallax layer, 2304x1024, tileable horizontal, rust-red dunes under white sun, atmospheric depth layers, dark-fantasy painterly illustration, dramatic lighting, vivid colors, no text, no watermark",prompt_ready,bleached skull,cracked earth,thorny scrub,floors/props/desert_plains/,floors/previews/floor_027_empty.png,pending,floors/previews/floor_027_populated.png,pending
28,Desert Plains,Cave,No,Sun-Cracked Grotto,floors/backgrounds/floor_028.png,"wide panoramic battle background, 1536x1024, no characters, no creatures, no UI, Sun-Cracked Grotto, Desert Plains zone, cave terrain, dark-fantasy painterly illustration, dramatic lighting, vivid colors, no text, no watermark",1536x1024,prompt_ready,floors/parallax/desert_plains_par.png,"seamless parallax layer, 2304x1024, tileable horizontal, rust-red dunes under white sun, atmospheric depth layers, dark-fantasy painterly illustration, dramatic lighting, vivid colors, no text, no watermark",prompt_ready,bleached skull,cracked earth,thorny scrub,floors/props/desert_plains/,floors/previews/floor_028_empty.png,pending,floors/previews/floor_028_populated.png,pending
29,Desert Plains,Outdoors,No,Serpent's Crossing,floors/backgrounds/floor_029.png,"wide panoramic battle background, 1536x1024, no characters, no creatures, no UI, Serpent's Crossing, Desert Plains zone, outdoors terrain, dark-fantasy painterly illustration, dramatic lighting, vivid colors, no text, no watermark",1536x1024,prompt_ready,floors/parallax/desert_plains_par.png,"seamless parallax layer, 2304x1024, tileable horizontal, rust-red dunes under white sun, atmospheric depth layers, dark-fantasy painterly illustration, dramatic lighting, vivid colors, no text, no watermark",prompt_ready,bleached skull,cracked earth,thorny scrub,floors/props/desert_plains/,floors/previews/floor_029_empty.png,pending,floors/previews/floor_029_populated.png,pending
30,Desert Plains,Cave,Yes,The Ossuary Coil,floors/backgrounds/floor_030.png,"wide panoramic battle background, 1536x1024, no characters, no creatures, no UI, boss arena, The Ossuary Coil, enclosed space, ominous atmosphere, dark-fantasy painterly illustration, dramatic lighting, vivid colors, no text, no watermark",1024x1024,prompt_ready,floors/parallax/desert_plains_par.png,"seamless parallax layer, 2304x1024, tileable horizontal, rust-red dunes under white sun, atmospheric depth layers, dark-fantasy painterly illustration, dramatic lighting, vivid colors, no text, no watermark",prompt_ready,bleached skull,cracked earth,thorny scrub,floors/props/desert_plains/,floors/previews/floor_030_empty.png,pending,floors/previews/floor_030_populated.png,pending
31,Swarm Thicket,Outdoors,No,Webbed Undergrowth,floors/backgrounds/floor_031.png,"wide panoramic battle background, 1536x1024, no characters, no creatures, no UI, Webbed Undergrowth, Swarm Thicket zone, outdoors terrain, dark-fantasy painterly illustration, dramatic lighting, vivid colors, no text, no watermark",1536x1024,prompt_ready,floors/parallax/swarm_thicket_par.png,"seamless parallax layer, 2304x1024, tileable horizontal, dense canopy, filtered green light, atmospheric depth layers, dark-fantasy painterly illustration, dramatic lighting, vivid colors, no text, no watermark",prompt_ready,silk cocoons,amber-trapped insects,giant toadstools,floors/props/swarm_thicket/,floors/previews/floor_031_empty.png,pending,floors/previews/floor_031_populated.png,pending
32,Swarm Thicket,Cave,No,Hive Tunnel,floors/backgrounds/floor_032.png,"wide panoramic battle background, 1536x1024, no characters, no creatures, no UI, Hive Tunnel, Swarm Thicket zone, cave terrain, dark-fantasy painterly illustration, dramatic lighting, vivid colors, no text, no watermark",1536x1024,prompt_ready,floors/parallax/swarm_thicket_par.png,"seamless parallax layer, 2304x1024, tileable horizontal, dense canopy, filtered green light, atmospheric depth layers, dark-fantasy painterly illustration, dramatic lighting, vivid colors, no text, no watermark",prompt_ready,silk cocoons,amber-trapped insects,giant toadstools,floors/props/swarm_thicket/,floors/previews/floor_032_empty.png,pending,floors/previews/floor_032_populated.png,pending
33,Swarm Thicket,Outdoors,No,Chitin Clearing,floors/backgrounds/floor_033.png,"wide panoramic battle background, 1536x1024, no characters, no creatures, no UI, Chitin Clearing, Swarm Thicket zone, outdoors terrain, dark-fantasy painterly illustration, dramatic lighting, vivid colors, no text, no watermark",1536x1024,prompt_ready,floors/parallax/swarm_thicket_par.png,"seamless parallax layer, 2304x1024, tileable horizontal, dense canopy, filtered green light, atmospheric depth layers, dark-fantasy painterly illustration, dramatic lighting, vivid colors, no text, no watermark",prompt_ready,silk cocoons,amber-trapped insects,giant toadstools,floors/props/swarm_thicket/,floors/previews/floor_033_empty.png,pending,floors/previews/floor_033_populated.png,pending
34,Swarm Thicket,Cave,No,Larval Chamber,floors/backgrounds/floor_034.png,"wide panoramic battle background, 1536x1024, no characters, no creatures, no UI, Larval Chamber, Swarm Thicket zone, cave terrain, dark-fantasy painterly illustration, dramatic lighting, vivid colors, no text, no watermark",1536x1024,prompt_ready,floors/parallax/swarm_thicket_par.png,"seamless parallax layer, 2304x1024, tileable horizontal, dense canopy, filtered green light, atmospheric depth layers, dark-fantasy painterly illustration, dramatic lighting, vivid colors, no text, no watermark",prompt_ready,silk cocoons,amber-trapped insects,giant toadstools,floors/props/swarm_thicket/,floors/previews/floor_034_empty.png,pending,floors/previews/floor_034_populated.png,pending
35,Swarm Thicket,Outdoors,No,The Queen's Nest,floors/backgrounds/floor_035.png,"wide panoramic battle background, 1536x1024, no characters, no creatures, no UI, The Queen's Nest, Swarm Thicket zone, outdoors terrain, dark-fantasy painterly illustration, dramatic lighting, vivid colors, no text, no watermark",1536x1024,prompt_ready,floors/parallax/swarm_thicket_par.png,"seamless parallax layer, 2304x1024, tileable horizontal, dense canopy, filtered green light, atmospheric depth layers, dark-fantasy painterly illustration, dramatic lighting, vivid colors, no text, no watermark",prompt_ready,silk cocoons,amber-trapped insects,giant toadstools,floors/props/swarm_thicket/,floors/previews/floor_035_empty.png,pending,floors/previews/floor_035_populated.png,pending
36,Swarm Thicket,Outdoors,No,Buzzing Meadow,floors/backgrounds/floor_036.png,"wide panoramic battle background, 1536x1024, no characters, no creatures, no UI, Buzzing Meadow, Swarm Thicket zone, outdoors terrain, dark-fantasy painterly illustration, dramatic lighting, vivid colors, no text, no watermark",1536x1024,prompt_ready,floors/parallax/swarm_thicket_par.png,"seamless parallax layer, 2304x1024, tileable horizontal, dense canopy, filtered green light, atmospheric depth layers, dark-fantasy painterly illustration, dramatic lighting, vivid colors, no text, no watermark",prompt_ready,silk cocoons,amber-trapped insects,giant toadstools,floors/props/swarm_thicket/,floors/previews/floor_036_empty.png,pending,floors/previews/floor_036_populated.png,pending
37,Swarm Thicket,Fishing,No,Stagnant Mire Edge,floors/backgrounds/floor_037.png,"wide panoramic battle background, 1536x1024, no characters, no creatures, no UI, Stagnant Mire Edge, Swarm Thicket zone, fishing terrain, dark-fantasy painterly illustration, dramatic lighting, vivid colors, no text, no watermark",1536x1024,prompt_ready,floors/parallax/swarm_thicket_par.png,"seamless parallax layer, 2304x1024, tileable horizontal, dense canopy, filtered green light, atmospheric depth layers, dark-fantasy painterly illustration, dramatic lighting, vivid colors, no text, no watermark",prompt_ready,silk cocoons,amber-trapped insects,giant toadstools,floors/props/swarm_thicket/,floors/previews/floor_037_empty.png,pending,floors/previews/floor_037_populated.png,pending
38,Swarm Thicket,Cave,No,Silk-Choked Burrow,floors/backgrounds/floor_038.png,"wide panoramic battle background, 1536x1024, no characters, no creatures, no UI, Silk-Choked Burrow, Swarm Thicket zone, cave terrain, dark-fantasy painterly illustration, dramatic lighting, vivid colors, no text, no watermark",1536x1024,prompt_ready,floors/parallax/swarm_thicket_par.png,"seamless parallax layer, 2304x1024, tileable horizontal, dense canopy, filtered green light, atmospheric depth layers, dark-fantasy painterly illustration, dramatic lighting, vivid colors, no text, no watermark",prompt_ready,silk cocoons,amber-trapped insects,giant toadstools,floors/props/swarm_thicket/,floors/previews/floor_038_empty.png,pending,floors/previews/floor_038_populated.png,pending
39,Swarm Thicket,Outdoors,No,Molting Grounds,floors/backgrounds/floor_039.png,"wide panoramic battle background, 1536x1024, no characters, no creatures, no UI, Molting Grounds, Swarm Thicket zone, outdoors terrain, dark-fantasy painterly illustration, dramatic lighting, vivid colors, no text, no watermark",1536x1024,prompt_ready,floors/parallax/swarm_thicket_par.png,"seamless parallax layer, 2304x1024, tileable horizontal, dense canopy, filtered green light, atmospheric depth layers, dark-fantasy painterly illustration, dramatic lighting, vivid colors, no text, no watermark",prompt_ready,silk cocoons,amber-trapped insects,giant toadstools,floors/props/swarm_thicket/,floors/previews/floor_039_empty.png,pending,floors/previews/floor_039_populated.png,pending
40,Swarm Thicket,Cave,Yes,The Broodmother's Hollow,floors/backgrounds/floor_040.png,"wide panoramic battle background, 1536x1024, no characters, no creatures, no UI, boss arena, The Broodmother's Hollow, enclosed space, ominous atmosphere, dark-fantasy painterly illustration, dramatic lighting, vivid colors, no text, no watermark",1024x1024,prompt_ready,floors/parallax/swarm_thicket_par.png,"seamless parallax layer, 2304x1024, tileable horizontal, dense canopy, filtered green light, atmospheric depth layers, dark-fantasy painterly illustration, dramatic lighting, vivid colors, no text, no watermark",prompt_ready,silk cocoons,amber-trapped insects,giant toadstools,floors/props/swarm_thicket/,floors/previews/floor_040_empty.png,pending,floors/previews/floor_040_populated.png,pending
41,The Crag,Cave,No,Fissure Entrance,floors/backgrounds/floor_041.png,"wide panoramic battle background, 1536x1024, no characters, no creatures, no UI, Fissure Entrance, The Crag zone, cave terrain, dark-fantasy painterly illustration, dramatic lighting, vivid colors, no text, no watermark",1536x1024,prompt_ready,floors/parallax/the_crag_par.png,"seamless parallax layer, 2304x1024, tileable horizontal, shattered grey cliff face, atmospheric depth layers, dark-fantasy painterly illustration, dramatic lighting, vivid colors, no text, no watermark",prompt_ready,pickaxe in stone,collapsed mine cart,glowing ore vein,floors/props/the_crag/,floors/previews/floor_041_empty.png,pending,floors/previews/floor_041_populated.png,pending
42,The Crag,Outdoors,No,Windswept Ledge,floors/backgrounds/floor_042.png,"wide panoramic battle background, 1536x1024, no characters, no creatures, no UI, Windswept Ledge, The Crag zone, outdoors terrain, dark-fantasy painterly illustration, dramatic lighting, vivid colors, no text, no watermark",1536x1024,prompt_ready,floors/parallax/the_crag_par.png,"seamless parallax layer, 2304x1024, tileable horizontal, shattered grey cliff face, atmospheric depth layers, dark-fantasy painterly illustration, dramatic lighting, vivid colors, no text, no watermark",prompt_ready,pickaxe in stone,collapsed mine cart,glowing ore vein,floors/props/the_crag/,floors/previews/floor_042_empty.png,pending,floors/previews/floor_042_populated.png,pending
43,The Crag,Cave,No,Silk-Strung Crevice,floors/backgrounds/floor_043.png,"wide panoramic battle background, 1536x1024, no characters, no creatures, no UI, Silk-Strung Crevice, The Crag zone, cave terrain, dark-fantasy painterly illustration, dramatic lighting, vivid colors, no text, no watermark",1536x1024,prompt_ready,floors/parallax/the_crag_par.png,"seamless parallax layer, 2304x1024, tileable horizontal, shattered grey cliff face, atmospheric depth layers, dark-fantasy painterly illustration, dramatic lighting, vivid colors, no text, no watermark",prompt_ready,pickaxe in stone,collapsed mine cart,glowing ore vein,floors/props/the_crag/,floors/previews/floor_043_empty.png,pending,floors/previews/floor_043_populated.png,pending
44,The Crag,Cave,No,Molt-Littered Hollow,floors/backgrounds/floor_044.png,"wide panoramic battle background, 1536x1024, no characters, no creatures, no UI, Molt-Littered Hollow, The Crag zone, cave terrain, dark-fantasy painterly illustration, dramatic lighting, vivid colors, no text, no watermark",1536x1024,prompt_ready,floors/parallax/the_crag_par.png,"seamless parallax layer, 2304x1024, tileable horizontal, shattered grey cliff face, atmospheric depth layers, dark-fantasy painterly illustration, dramatic lighting, vivid colors, no text, no watermark",prompt_ready,pickaxe in stone,collapsed mine cart,glowing ore vein,floors/props/the_crag/,floors/previews/floor_044_empty.png,pending,floors/previews/floor_044_populated.png,pending
45,The Crag,Cave,No,The Widow's Crevasse,floors/backgrounds/floor_045.png,"wide panoramic battle background, 1536x1024, no characters, no creatures, no UI, The Widow's Crevasse, The Crag zone, cave terrain, dark-fantasy painterly illustration, dramatic lighting, vivid colors, no text, no watermark",1536x1024,prompt_ready,floors/parallax/the_crag_par.png,"seamless parallax layer, 2304x1024, tileable horizontal, shattered grey cliff face, atmospheric depth layers, dark-fantasy painterly illustration, dramatic lighting, vivid colors, no text, no watermark",prompt_ready,pickaxe in stone,collapsed mine cart,glowing ore vein,floors/props/the_crag/,floors/previews/floor_045_empty.png,pending,floors/previews/floor_045_populated.png,pending
46,The Crag,Outdoors,No,Scree Slope,floors/backgrounds/floor_046.png,"wide panoramic battle background, 1536x1024, no characters, no creatures, no UI, Scree Slope, The Crag zone, outdoors terrain, dark-fantasy painterly illustration, dramatic lighting, vivid colors, no text, no watermark",1536x1024,prompt_ready,floors/parallax/the_crag_par.png,"seamless parallax layer, 2304x1024, tileable horizontal, shattered grey cliff face, atmospheric depth layers, dark-fantasy painterly illustration, dramatic lighting, vivid colors, no text, no watermark",prompt_ready,pickaxe in stone,collapsed mine cart,glowing ore vein,floors/props/the_crag/,floors/previews/floor_046_empty.png,pending,floors/previews/floor_046_populated.png,pending
47,The Crag,Fishing,No,Cliffside Spring,floors/backgrounds/floor_047.png,"wide panoramic battle background, 1536x1024, no characters, no creatures, no UI, Cliffside Spring, The Crag zone, fishing terrain, dark-fantasy painterly illustration, dramatic lighting, vivid colors, no text, no watermark",1536x1024,prompt_ready,floors/parallax/the_crag_par.png,"seamless parallax layer, 2304x1024, tileable horizontal, shattered grey cliff face, atmospheric depth layers, dark-fantasy painterly illustration, dramatic lighting, vivid colors, no text, no watermark",prompt_ready,pickaxe in stone,collapsed mine cart,glowing ore vein,floors/props/the_crag/,floors/previews/floor_047_empty.png,pending,floors/previews/floor_047_populated.png,pending
48,The Crag,Cave,No,Bone-Pit Chamber,floors/backgrounds/floor_048.png,"wide panoramic battle background, 1536x1024, no characters, no creatures, no UI, Bone-Pit Chamber, The Crag zone, cave terrain, dark-fantasy painterly illustration, dramatic lighting, vivid colors, no text, no watermark",1536x1024,prompt_ready,floors/parallax/the_crag_par.png,"seamless parallax layer, 2304x1024, tileable horizontal, shattered grey cliff face, atmospheric depth layers, dark-fantasy painterly illustration, dramatic lighting, vivid colors, no text, no watermark",prompt_ready,pickaxe in stone,collapsed mine cart,glowing ore vein,floors/props/the_crag/,floors/previews/floor_048_empty.png,pending,floors/previews/floor_048_populated.png,pending
49,The Crag,Cave,No,Chitin Gallery,floors/backgrounds/floor_049.png,"wide panoramic battle background, 1536x1024, no characters, no creatures, no UI, Chitin Gallery, The Crag zone, cave terrain, dark-fantasy painterly illustration, dramatic lighting, vivid colors, no text, no watermark",1536x1024,prompt_ready,floors/parallax/the_crag_par.png,"seamless parallax layer, 2304x1024, tileable horizontal, shattered grey cliff face, atmospheric depth layers, dark-fantasy painterly illustration, dramatic lighting, vivid colors, no text, no watermark",prompt_ready,pickaxe in stone,collapsed mine cart,glowing ore vein,floors/props/the_crag/,floors/previews/floor_049_empty.png,pending,floors/previews/floor_049_populated.png,pending
50,The Crag,Cave,Yes,The Carapace Throne,floors/backgrounds/floor_050.png,"wide panoramic battle background, 1536x1024, no characters, no creatures, no UI, boss arena, The Carapace Throne, enclosed space, ominous atmosphere, dark-fantasy painterly illustration, dramatic lighting, vivid colors, no text, no watermark",1024x1024,prompt_ready,floors/parallax/the_crag_par.png,"seamless parallax layer, 2304x1024, tileable horizontal, shattered grey cliff face, atmospheric depth layers, dark-fantasy painterly illustration, dramatic lighting, vivid colors, no text, no watermark",prompt_ready,pickaxe in stone,collapsed mine cart,glowing ore vein,floors/props/the_crag/,floors/previews/floor_050_empty.png,pending,floors/previews/floor_050_populated.png,pending
51,Storm Peaks,Outdoors,No,Windbattered Switchback,floors/backgrounds/floor_051.png,"wide panoramic battle background, 1536x1024, no characters, no creatures, no UI, Windbattered Switchback, Storm Peaks zone, outdoors terrain, dark-fantasy painterly illustration, dramatic lighting, vivid colors, no text, no watermark",1536x1024,prompt_ready,floors/parallax/storm_peaks_par.png,"seamless parallax layer, 2304x1024, tileable horizontal, thundercloud above jagged peaks, atmospheric depth layers, dark-fantasy painterly illustration, dramatic lighting, vivid colors, no text, no watermark",prompt_ready,lightning-split tree,nest of feathers,broken compass,floors/props/storm_peaks/,floors/previews/floor_051_empty.png,pending,floors/previews/floor_051_populated.png,pending
52,Storm Peaks,Outdoors,No,Cliffnest Overlook,floors/backgrounds/floor_052.png,"wide panoramic battle background, 1536x1024, no characters, no creatures, no UI, Cliffnest Overlook, Storm Peaks zone, outdoors terrain, dark-fantasy painterly illustration, dramatic lighting, vivid colors, no text, no watermark",1536x1024,prompt_ready,floors/parallax/storm_peaks_par.png,"seamless parallax layer, 2304x1024, tileable horizontal, thundercloud above jagged peaks, atmospheric depth layers, dark-fantasy painterly illustration, dramatic lighting, vivid colors, no text, no watermark",prompt_ready,lightning-split tree,nest of feathers,broken compass,floors/props/storm_peaks/,floors/previews/floor_052_empty.png,pending,floors/previews/floor_052_populated.png,pending
53,Storm Peaks,Cave,No,Thunderhollow,floors/backgrounds/floor_053.png,"wide panoramic battle background, 1536x1024, no characters, no creatures, no UI, Thunderhollow, Storm Peaks zone, cave terrain, dark-fantasy painterly illustration, dramatic lighting, vivid colors, no text, no watermark",1536x1024,prompt_ready,floors/parallax/storm_peaks_par.png,"seamless parallax layer, 2304x1024, tileable horizontal, thundercloud above jagged peaks, atmospheric depth layers, dark-fantasy painterly illustration, dramatic lighting, vivid colors, no text, no watermark",prompt_ready,lightning-split tree,nest of feathers,broken compass,floors/props/storm_peaks/,floors/previews/floor_053_empty.png,pending,floors/previews/floor_053_populated.png,pending
54,Storm Peaks,Outdoors,No,Talon Ridge,floors/backgrounds/floor_054.png,"wide panoramic battle background, 1536x1024, no characters, no creatures, no UI, Talon Ridge, Storm Peaks zone, outdoors terrain, dark-fantasy painterly illustration, dramatic lighting, vivid colors, no text, no watermark",1536x1024,prompt_ready,floors/parallax/storm_peaks_par.png,"seamless parallax layer, 2304x1024, tileable horizontal, thundercloud above jagged peaks, atmospheric depth layers, dark-fantasy painterly illustration, dramatic lighting, vivid colors, no text, no watermark",prompt_ready,lightning-split tree,nest of feathers,broken compass,floors/props/storm_peaks/,floors/previews/floor_054_empty.png,pending,floors/previews/floor_054_populated.png,pending
55,Storm Peaks,Outdoors,No,The Stormcaller's Aerie,floors/backgrounds/floor_055.png,"wide panoramic battle background, 1536x1024, no characters, no creatures, no UI, The Stormcaller's Aerie, Storm Peaks zone, outdoors terrain, dark-fantasy painterly illustration, dramatic lighting, vivid colors, no text, no watermark",1536x1024,prompt_ready,floors/parallax/storm_peaks_par.png,"seamless parallax layer, 2304x1024, tileable horizontal, thundercloud above jagged peaks, atmospheric depth layers, dark-fantasy painterly illustration, dramatic lighting, vivid colors, no text, no watermark",prompt_ready,lightning-split tree,nest of feathers,broken compass,floors/props/storm_peaks/,floors/previews/floor_055_empty.png,pending,floors/previews/floor_055_populated.png,pending
56,Storm Peaks,Outdoors,No,Frostbitten Summit,floors/backgrounds/floor_056.png,"wide panoramic battle background, 1536x1024, no characters, no creatures, no UI, Frostbitten Summit, Storm Peaks zone, outdoors terrain, dark-fantasy painterly illustration, dramatic lighting, vivid colors, no text, no watermark",1536x1024,prompt_ready,floors/parallax/storm_peaks_par.png,"seamless parallax layer, 2304x1024, tileable horizontal, thundercloud above jagged peaks, atmospheric depth layers, dark-fantasy painterly illustration, dramatic lighting, vivid colors, no text, no watermark",prompt_ready,lightning-split tree,nest of feathers,broken compass,floors/props/storm_peaks/,floors/previews/floor_056_empty.png,pending,floors/previews/floor_056_populated.png,pending
57,Storm Peaks,Fishing,No,Alpine Tarn,floors/backgrounds/floor_057.png,"wide panoramic battle background, 1536x1024, no characters, no creatures, no UI, Alpine Tarn, Storm Peaks zone, fishing terrain, dark-fantasy painterly illustration, dramatic lighting, vivid colors, no text, no watermark",1536x1024,prompt_ready,floors/parallax/storm_peaks_par.png,"seamless parallax layer, 2304x1024, tileable horizontal, thundercloud above jagged peaks, atmospheric depth layers, dark-fantasy painterly illustration, dramatic lighting, vivid colors, no text, no watermark",prompt_ready,lightning-split tree,nest of feathers,broken compass,floors/props/storm_peaks/,floors/previews/floor_057_empty.png,pending,floors/previews/floor_057_populated.png,pending
58,Storm Peaks,Cave,No,Echo Cavern,floors/backgrounds/floor_058.png,"wide panoramic battle background, 1536x1024, no characters, no creatures, no UI, Echo Cavern, Storm Peaks zone, cave terrain, dark-fantasy painterly illustration, dramatic lighting, vivid colors, no text, no watermark",1536x1024,prompt_ready,floors/parallax/storm_peaks_par.png,"seamless parallax layer, 2304x1024, tileable horizontal, thundercloud above jagged peaks, atmospheric depth layers, dark-fantasy painterly illustration, dramatic lighting, vivid colors, no text, no watermark",prompt_ready,lightning-split tree,nest of feathers,broken compass,floors/props/storm_peaks/,floors/previews/floor_058_empty.png,pending,floors/previews/floor_058_populated.png,pending
59,Storm Peaks,Outdoors,No,Skybridge Crossing,floors/backgrounds/floor_059.png,"wide panoramic battle background, 1536x1024, no characters, no creatures, no UI, Skybridge Crossing, Storm Peaks zone, outdoors terrain, dark-fantasy painterly illustration, dramatic lighting, vivid colors, no text, no watermark",1536x1024,prompt_ready,floors/parallax/storm_peaks_par.png,"seamless parallax layer, 2304x1024, tileable horizontal, thundercloud above jagged peaks, atmospheric depth layers, dark-fantasy painterly illustration, dramatic lighting, vivid colors, no text, no watermark",prompt_ready,lightning-split tree,nest of feathers,broken compass,floors/props/storm_peaks/,floors/previews/floor_059_empty.png,pending,floors/previews/floor_059_populated.png,pending
60,Storm Peaks,Outdoors,Yes,The Roost of the First Storm,floors/backgrounds/floor_060.png,"wide panoramic battle background, 1536x1024, no characters, no creatures, no UI, boss arena, The Roost of the First Storm, enclosed space, ominous atmosphere, dark-fantasy painterly illustration, dramatic lighting, vivid colors, no text, no watermark",1024x1024,prompt_ready,floors/parallax/storm_peaks_par.png,"seamless parallax layer, 2304x1024, tileable horizontal, thundercloud above jagged peaks, atmospheric depth layers, dark-fantasy painterly illustration, dramatic lighting, vivid colors, no text, no watermark",prompt_ready,lightning-split tree,nest of feathers,broken compass,floors/props/storm_peaks/,floors/previews/floor_060_empty.png,pending,floors/previews/floor_060_populated.png,pending
61,Sunken Bog,Fishing,No,Reedchoked Shallows,floors/backgrounds/floor_061.png,"wide panoramic battle background, 1536x1024, no characters, no creatures, no UI, Reedchoked Shallows, Sunken Bog zone, fishing terrain, dark-fantasy painterly illustration, dramatic lighting, vivid colors, no text, no watermark",1536x1024,prompt_ready,floors/parallax/sunken_bog_par.png,"seamless parallax layer, 2304x1024, tileable horizontal, murky green swamp, dead trees, atmospheric depth layers, dark-fantasy painterly illustration, dramatic lighting, vivid colors, no text, no watermark",prompt_ready,half-submerged coffin,will-o-wisp lantern,rotting bridge,floors/props/sunken_bog/,floors/previews/floor_061_empty.png,pending,floors/previews/floor_061_populated.png,pending
62,Sunken Bog,Outdoors,No,Mudflat Crossing,floors/backgrounds/floor_062.png,"wide panoramic battle background, 1536x1024, no characters, no creatures, no UI, Mudflat Crossing, Sunken Bog zone, outdoors terrain, dark-fantasy painterly illustration, dramatic lighting, vivid colors, no text, no watermark",1536x1024,prompt_ready,floors/parallax/sunken_bog_par.png,"seamless parallax layer, 2304x1024, tileable horizontal, murky green swamp, dead trees, atmospheric depth layers, dark-fantasy painterly illustration, dramatic lighting, vivid colors, no text, no watermark",prompt_ready,half-submerged coffin,will-o-wisp lantern,rotting bridge,floors/props/sunken_bog/,floors/previews/floor_062_empty.png,pending,floors/previews/floor_062_populated.png,pending
63,Sunken Bog,Cave,No,Sunken Hollow,floors/backgrounds/floor_063.png,"wide panoramic battle background, 1536x1024, no characters, no creatures, no UI, Sunken Hollow, Sunken Bog zone, cave terrain, dark-fantasy painterly illustration, dramatic lighting, vivid colors, no text, no watermark",1536x1024,prompt_ready,floors/parallax/sunken_bog_par.png,"seamless parallax layer, 2304x1024, tileable horizontal, murky green swamp, dead trees, atmospheric depth layers, dark-fantasy painterly illustration, dramatic lighting, vivid colors, no text, no watermark",prompt_ready,half-submerged coffin,will-o-wisp lantern,rotting bridge,floors/props/sunken_bog/,floors/previews/floor_063_empty.png,pending,floors/previews/floor_063_populated.png,pending
64,Sunken Bog,Fishing,No,Croaking Marsh,floors/backgrounds/floor_064.png,"wide panoramic battle background, 1536x1024, no characters, no creatures, no UI, Croaking Marsh, Sunken Bog zone, fishing terrain, dark-fantasy painterly illustration, dramatic lighting, vivid colors, no text, no watermark",1536x1024,prompt_ready,floors/parallax/sunken_bog_par.png,"seamless parallax layer, 2304x1024, tileable horizontal, murky green swamp, dead trees, atmospheric depth layers, dark-fantasy painterly illustration, dramatic lighting, vivid colors, no text, no watermark",prompt_ready,half-submerged coffin,will-o-wisp lantern,rotting bridge,floors/props/sunken_bog/,floors/previews/floor_064_empty.png,pending,floors/previews/floor_064_populated.png,pending
65,Sunken Bog,Fishing,No,The Drowned Shrine,floors/backgrounds/floor_065.png,"wide panoramic battle background, 1536x1024, no characters, no creatures, no UI, The Drowned Shrine, Sunken Bog zone, fishing terrain, dark-fantasy painterly illustration, dramatic lighting, vivid colors, no text, no watermark",1536x1024,prompt_ready,floors/parallax/sunken_bog_par.png,"seamless parallax layer, 2304x1024, tileable horizontal, murky green swamp, dead trees, atmospheric depth layers, dark-fantasy painterly illustration, dramatic lighting, vivid colors, no text, no watermark",prompt_ready,half-submerged coffin,will-o-wisp lantern,rotting bridge,floors/props/sunken_bog/,floors/previews/floor_065_empty.png,pending,floors/previews/floor_065_populated.png,pending
66,Sunken Bog,Cave,No,Rootcave Grotto,floors/backgrounds/floor_066.png,"wide panoramic battle background, 1536x1024, no characters, no creatures, no UI, Rootcave Grotto, Sunken Bog zone, cave terrain, dark-fantasy painterly illustration, dramatic lighting, vivid colors, no text, no watermark",1536x1024,prompt_ready,floors/parallax/sunken_bog_par.png,"seamless parallax layer, 2304x1024, tileable horizontal, murky green swamp, dead trees, atmospheric depth layers, dark-fantasy painterly illustration, dramatic lighting, vivid colors, no text, no watermark",prompt_ready,half-submerged coffin,will-o-wisp lantern,rotting bridge,floors/props/sunken_bog/,floors/previews/floor_066_empty.png,pending,floors/previews/floor_066_populated.png,pending
67,Sunken Bog,Outdoors,No,Willow Hollow,floors/backgrounds/floor_067.png,"wide panoramic battle background, 1536x1024, no characters, no creatures, no UI, Willow Hollow, Sunken Bog zone, outdoors terrain, dark-fantasy painterly illustration, dramatic lighting, vivid colors, no text, no watermark",1536x1024,prompt_ready,floors/parallax/sunken_bog_par.png,"seamless parallax layer, 2304x1024, tileable horizontal, murky green swamp, dead trees, atmospheric depth layers, dark-fantasy painterly illustration, dramatic lighting, vivid colors, no text, no watermark",prompt_ready,half-submerged coffin,will-o-wisp lantern,rotting bridge,floors/props/sunken_bog/,floors/previews/floor_067_empty.png,pending,floors/previews/floor_067_populated.png,pending
68,Sunken Bog,Fishing,No,Sinking Path,floors/backgrounds/floor_068.png,"wide panoramic battle background, 1536x1024, no characters, no creatures, no UI, Sinking Path, Sunken Bog zone, fishing terrain, dark-fantasy painterly illustration, dramatic lighting, vivid colors, no text, no watermark",1536x1024,prompt_ready,floors/parallax/sunken_bog_par.png,"seamless parallax layer, 2304x1024, tileable horizontal, murky green swamp, dead trees, atmospheric depth layers, dark-fantasy painterly illustration, dramatic lighting, vivid colors, no text, no watermark",prompt_ready,half-submerged coffin,will-o-wisp lantern,rotting bridge,floors/props/sunken_bog/,floors/previews/floor_068_empty.png,pending,floors/previews/floor_068_populated.png,pending
69,Sunken Bog,Cave,No,Mire Tunnel,floors/backgrounds/floor_069.png,"wide panoramic battle background, 1536x1024, no characters, no creatures, no UI, Mire Tunnel, Sunken Bog zone, cave terrain, dark-fantasy painterly illustration, dramatic lighting, vivid colors, no text, no watermark",1536x1024,prompt_ready,floors/parallax/sunken_bog_par.png,"seamless parallax layer, 2304x1024, tileable horizontal, murky green swamp, dead trees, atmospheric depth layers, dark-fantasy painterly illustration, dramatic lighting, vivid colors, no text, no watermark",prompt_ready,half-submerged coffin,will-o-wisp lantern,rotting bridge,floors/props/sunken_bog/,floors/previews/floor_069_empty.png,pending,floors/previews/floor_069_populated.png,pending
70,Sunken Bog,Fishing,Yes,The Bogfather's Pool,floors/backgrounds/floor_070.png,"wide panoramic battle background, 1536x1024, no characters, no creatures, no UI, boss arena, The Bogfather's Pool, enclosed space, ominous atmosphere, dark-fantasy painterly illustration, dramatic lighting, vivid colors, no text, no watermark",1024x1024,prompt_ready,floors/parallax/sunken_bog_par.png,"seamless parallax layer, 2304x1024, tileable horizontal, murky green swamp, dead trees, atmospheric depth layers, dark-fantasy painterly illustration, dramatic lighting, vivid colors, no text, no watermark",prompt_ready,half-submerged coffin,will-o-wisp lantern,rotting bridge,floors/props/sunken_bog/,floors/previews/floor_070_empty.png,pending,floors/previews/floor_070_populated.png,pending
71,Underwater Cave,Outdoors,No,Cliffside Cave Mouth,floors/backgrounds/floor_071.png,"wide panoramic battle background, 1536x1024, no characters, no creatures, no UI, Cliffside Cave Mouth, Underwater Cave zone, outdoors terrain, dark-fantasy painterly illustration, dramatic lighting, vivid colors, no text, no watermark",1536x1024,prompt_ready,floors/parallax/underwater_cave_par.png,"seamless parallax layer, 2304x1024, tileable horizontal, bioluminescent cavern, blue-green glow, atmospheric depth layers, dark-fantasy painterly illustration, dramatic lighting, vivid colors, no text, no watermark",prompt_ready,glowing spore cloud,crystal formation,dripping stalactite,floors/props/underwater_cave/,floors/previews/floor_071_empty.png,pending,floors/previews/floor_071_populated.png,pending
72,Underwater Cave,Cave,No,Glowspore Passage,floors/backgrounds/floor_072.png,"wide panoramic battle background, 1536x1024, no characters, no creatures, no UI, Glowspore Passage, Underwater Cave zone, cave terrain, dark-fantasy painterly illustration, dramatic lighting, vivid colors, no text, no watermark",1536x1024,prompt_ready,floors/parallax/underwater_cave_par.png,"seamless parallax layer, 2304x1024, tileable horizontal, bioluminescent cavern, blue-green glow, atmospheric depth layers, dark-fantasy painterly illustration, dramatic lighting, vivid colors, no text, no watermark",prompt_ready,glowing spore cloud,crystal formation,dripping stalactite,floors/props/underwater_cave/,floors/previews/floor_072_empty.png,pending,floors/previews/floor_072_populated.png,pending
73,Underwater Cave,Fishing,No,Flooded Antechamber,floors/backgrounds/floor_073.png,"wide panoramic battle background, 1536x1024, no characters, no creatures, no UI, Flooded Antechamber, Underwater Cave zone, fishing terrain, dark-fantasy painterly illustration, dramatic lighting, vivid colors, no text, no watermark",1536x1024,prompt_ready,floors/parallax/underwater_cave_par.png,"seamless parallax layer, 2304x1024, tileable horizontal, bioluminescent cavern, blue-green glow, atmospheric depth layers, dark-fantasy painterly illustration, dramatic lighting, vivid colors, no text, no watermark",prompt_ready,glowing spore cloud,crystal formation,dripping stalactite,floors/props/underwater_cave/,floors/previews/floor_073_empty.png,pending,floors/previews/floor_073_populated.png,pending
74,Underwater Cave,Cave,No,Mycelium Grotto,floors/backgrounds/floor_074.png,"wide panoramic battle background, 1536x1024, no characters, no creatures, no UI, Mycelium Grotto, Underwater Cave zone, cave terrain, dark-fantasy painterly illustration, dramatic lighting, vivid colors, no text, no watermark",1536x1024,prompt_ready,floors/parallax/underwater_cave_par.png,"seamless parallax layer, 2304x1024, tileable horizontal, bioluminescent cavern, blue-green glow, atmospheric depth layers, dark-fantasy painterly illustration, dramatic lighting, vivid colors, no text, no watermark",prompt_ready,glowing spore cloud,crystal formation,dripping stalactite,floors/props/underwater_cave/,floors/previews/floor_074_empty.png,pending,floors/previews/floor_074_populated.png,pending
75,Underwater Cave,Cave,No,The Luminous Deep,floors/backgrounds/floor_075.png,"wide panoramic battle background, 1536x1024, no characters, no creatures, no UI, The Luminous Deep, Underwater Cave zone, cave terrain, dark-fantasy painterly illustration, dramatic lighting, vivid colors, no text, no watermark",1536x1024,prompt_ready,floors/parallax/underwater_cave_par.png,"seamless parallax layer, 2304x1024, tileable horizontal, bioluminescent cavern, blue-green glow, atmospheric depth layers, dark-fantasy painterly illustration, dramatic lighting, vivid colors, no text, no watermark",prompt_ready,glowing spore cloud,crystal formation,dripping stalactite,floors/props/underwater_cave/,floors/previews/floor_075_empty.png,pending,floors/previews/floor_075_populated.png,pending
76,Underwater Cave,Fishing,No,Ink-Dark Pool,floors/backgrounds/floor_076.png,"wide panoramic battle background, 1536x1024, no characters, no creatures, no UI, Ink-Dark Pool, Underwater Cave zone, fishing terrain, dark-fantasy painterly illustration, dramatic lighting, vivid colors, no text, no watermark",1536x1024,prompt_ready,floors/parallax/underwater_cave_par.png,"seamless parallax layer, 2304x1024, tileable horizontal, bioluminescent cavern, blue-green glow, atmospheric depth layers, dark-fantasy painterly illustration, dramatic lighting, vivid colors, no text, no watermark",prompt_ready,glowing spore cloud,crystal formation,dripping stalactite,floors/props/underwater_cave/,floors/previews/floor_076_empty.png,pending,floors/previews/floor_076_populated.png,pending
77,Underwater Cave,Cave,No,Spore Chimney,floors/backgrounds/floor_077.png,"wide panoramic battle background, 1536x1024, no characters, no creatures, no UI, Spore Chimney, Underwater Cave zone, cave terrain, dark-fantasy painterly illustration, dramatic lighting, vivid colors, no text, no watermark",1536x1024,prompt_ready,floors/parallax/underwater_cave_par.png,"seamless parallax layer, 2304x1024, tileable horizontal, bioluminescent cavern, blue-green glow, atmospheric depth layers, dark-fantasy painterly illustration, dramatic lighting, vivid colors, no text, no watermark",prompt_ready,glowing spore cloud,crystal formation,dripping stalactite,floors/props/underwater_cave/,floors/previews/floor_077_empty.png,pending,floors/previews/floor_077_populated.png,pending
78,Underwater Cave,Fishing,No,Sunken Passage,floors/backgrounds/floor_078.png,"wide panoramic battle background, 1536x1024, no characters, no creatures, no UI, Sunken Passage, Underwater Cave zone, fishing terrain, dark-fantasy painterly illustration, dramatic lighting, vivid colors, no text, no watermark",1536x1024,prompt_ready,floors/parallax/underwater_cave_par.png,"seamless parallax layer, 2304x1024, tileable horizontal, bioluminescent cavern, blue-green glow, atmospheric depth layers, dark-fantasy painterly illustration, dramatic lighting, vivid colors, no text, no watermark",prompt_ready,glowing spore cloud,crystal formation,dripping stalactite,floors/props/underwater_cave/,floors/previews/floor_078_empty.png,pending,floors/previews/floor_078_populated.png,pending
79,Underwater Cave,Cave,No,Tendril Hollow,floors/backgrounds/floor_079.png,"wide panoramic battle background, 1536x1024, no characters, no creatures, no UI, Tendril Hollow, Underwater Cave zone, cave terrain, dark-fantasy painterly illustration, dramatic lighting, vivid colors, no text, no watermark",1536x1024,prompt_ready,floors/parallax/underwater_cave_par.png,"seamless parallax layer, 2304x1024, tileable horizontal, bioluminescent cavern, blue-green glow, atmospheric depth layers, dark-fantasy painterly illustration, dramatic lighting, vivid colors, no text, no watermark",prompt_ready,glowing spore cloud,crystal formation,dripping stalactite,floors/props/underwater_cave/,floors/previews/floor_079_empty.png,pending,floors/previews/floor_079_populated.png,pending
80,Underwater Cave,Cave,Yes,The Abyssal Bloom,floors/backgrounds/floor_080.png,"wide panoramic battle background, 1536x1024, no characters, no creatures, no UI, boss arena, The Abyssal Bloom, enclosed space, ominous atmosphere, dark-fantasy painterly illustration, dramatic lighting, vivid colors, no text, no watermark",1024x1024,prompt_ready,floors/parallax/underwater_cave_par.png,"seamless parallax layer, 2304x1024, tileable horizontal, bioluminescent cavern, blue-green glow, atmospheric depth layers, dark-fantasy painterly illustration, dramatic lighting, vivid colors, no text, no watermark",prompt_ready,glowing spore cloud,crystal formation,dripping stalactite,floors/props/underwater_cave/,floors/previews/floor_080_empty.png,pending,floors/previews/floor_080_populated.png,pending
81,Gemstone Cave,Outdoors,No,Crystal Outcrop,floors/backgrounds/floor_081.png,"wide panoramic battle background, 1536x1024, no characters, no creatures, no UI, Crystal Outcrop, Gemstone Cave zone, outdoors terrain, dark-fantasy painterly illustration, dramatic lighting, vivid colors, no text, no watermark",1536x1024,prompt_ready,floors/parallax/gemstone_cave_par.png,"seamless parallax layer, 2304x1024, tileable horizontal, faceted crystal walls, prismatic light, atmospheric depth layers, dark-fantasy painterly illustration, dramatic lighting, vivid colors, no text, no watermark",prompt_ready,shattered mirror,floating gem shard,spectral candelabra,floors/props/gemstone_cave/,floors/previews/floor_081_empty.png,pending,floors/previews/floor_081_populated.png,pending
82,Gemstone Cave,Cave,No,Refracted Hollow,floors/backgrounds/floor_082.png,"wide panoramic battle background, 1536x1024, no characters, no creatures, no UI, Refracted Hollow, Gemstone Cave zone, cave terrain, dark-fantasy painterly illustration, dramatic lighting, vivid colors, no text, no watermark",1536x1024,prompt_ready,floors/parallax/gemstone_cave_par.png,"seamless parallax layer, 2304x1024, tileable horizontal, faceted crystal walls, prismatic light, atmospheric depth layers, dark-fantasy painterly illustration, dramatic lighting, vivid colors, no text, no watermark",prompt_ready,shattered mirror,floating gem shard,spectral candelabra,floors/props/gemstone_cave/,floors/previews/floor_082_empty.png,pending,floors/previews/floor_082_populated.png,pending
83,Gemstone Cave,Cave,No,Silent Gallery,floors/backgrounds/floor_083.png,"wide panoramic battle background, 1536x1024, no characters, no creatures, no UI, Silent Gallery, Gemstone Cave zone, cave terrain, dark-fantasy painterly illustration, dramatic lighting, vivid colors, no text, no watermark",1536x1024,prompt_ready,floors/parallax/gemstone_cave_par.png,"seamless parallax layer, 2304x1024, tileable horizontal, faceted crystal walls, prismatic light, atmospheric depth layers, dark-fantasy painterly illustration, dramatic lighting, vivid colors, no text, no watermark",prompt_ready,shattered mirror,floating gem shard,spectral candelabra,floors/props/gemstone_cave/,floors/previews/floor_083_empty.png,pending,floors/previews/floor_083_populated.png,pending
84,Gemstone Cave,Fishing,No,Still Reflection Pool,floors/backgrounds/floor_084.png,"wide panoramic battle background, 1536x1024, no characters, no creatures, no UI, Still Reflection Pool, Gemstone Cave zone, fishing terrain, dark-fantasy painterly illustration, dramatic lighting, vivid colors, no text, no watermark",1536x1024,prompt_ready,floors/parallax/gemstone_cave_par.png,"seamless parallax layer, 2304x1024, tileable horizontal, faceted crystal walls, prismatic light, atmospheric depth layers, dark-fantasy painterly illustration, dramatic lighting, vivid colors, no text, no watermark",prompt_ready,shattered mirror,floating gem shard,spectral candelabra,floors/props/gemstone_cave/,floors/previews/floor_084_empty.png,pending,floors/previews/floor_084_populated.png,pending
85,Gemstone Cave,Cave,No,The Weeping Crystal Tomb,floors/backgrounds/floor_085.png,"wide panoramic battle background, 1536x1024, no characters, no creatures, no UI, The Weeping Crystal Tomb, Gemstone Cave zone, cave terrain, dark-fantasy painterly illustration, dramatic lighting, vivid colors, no text, no watermark",1536x1024,prompt_ready,floors/parallax/gemstone_cave_par.png,"seamless parallax layer, 2304x1024, tileable horizontal, faceted crystal walls, prismatic light, atmospheric depth layers, dark-fantasy painterly illustration, dramatic lighting, vivid colors, no text, no watermark",prompt_ready,shattered mirror,floating gem shard,spectral candelabra,floors/props/gemstone_cave/,floors/previews/floor_085_empty.png,pending,floors/previews/floor_085_populated.png,pending
86,Gemstone Cave,Cave,No,Bloodlit Passage,floors/backgrounds/floor_086.png,"wide panoramic battle background, 1536x1024, no characters, no creatures, no UI, Bloodlit Passage, Gemstone Cave zone, cave terrain, dark-fantasy painterly illustration, dramatic lighting, vivid colors, no text, no watermark",1536x1024,prompt_ready,floors/parallax/gemstone_cave_par.png,"seamless parallax layer, 2304x1024, tileable horizontal, faceted crystal walls, prismatic light, atmospheric depth layers, dark-fantasy painterly illustration, dramatic lighting, vivid colors, no text, no watermark",prompt_ready,shattered mirror,floating gem shard,spectral candelabra,floors/props/gemstone_cave/,floors/previews/floor_086_empty.png,pending,floors/previews/floor_086_populated.png,pending
87,Gemstone Cave,Fishing,No,Sunken Reliquary,floors/backgrounds/floor_087.png,"wide panoramic battle background, 1536x1024, no characters, no creatures, no UI, Sunken Reliquary, Gemstone Cave zone, fishing terrain, dark-fantasy painterly illustration, dramatic lighting, vivid colors, no text, no watermark",1536x1024,prompt_ready,floors/parallax/gemstone_cave_par.png,"seamless parallax layer, 2304x1024, tileable horizontal, faceted crystal walls, prismatic light, atmospheric depth layers, dark-fantasy painterly illustration, dramatic lighting, vivid colors, no text, no watermark",prompt_ready,shattered mirror,floating gem shard,spectral candelabra,floors/props/gemstone_cave/,floors/previews/floor_087_empty.png,pending,floors/previews/floor_087_populated.png,pending
88,Gemstone Cave,Cave,No,Whispering Vein,floors/backgrounds/floor_088.png,"wide panoramic battle background, 1536x1024, no characters, no creatures, no UI, Whispering Vein, Gemstone Cave zone, cave terrain, dark-fantasy painterly illustration, dramatic lighting, vivid colors, no text, no watermark",1536x1024,prompt_ready,floors/parallax/gemstone_cave_par.png,"seamless parallax layer, 2304x1024, tileable horizontal, faceted crystal walls, prismatic light, atmospheric depth layers, dark-fantasy painterly illustration, dramatic lighting, vivid colors, no text, no watermark",prompt_ready,shattered mirror,floating gem shard,spectral candelabra,floors/props/gemstone_cave/,floors/previews/floor_088_empty.png,pending,floors/previews/floor_088_populated.png,pending
89,Gemstone Cave,Cave,No,Hollow Court,floors/backgrounds/floor_089.png,"wide panoramic battle background, 1536x1024, no characters, no creatures, no UI, Hollow Court, Gemstone Cave zone, cave terrain, dark-fantasy painterly illustration, dramatic lighting, vivid colors, no text, no watermark",1536x1024,prompt_ready,floors/parallax/gemstone_cave_par.png,"seamless parallax layer, 2304x1024, tileable horizontal, faceted crystal walls, prismatic light, atmospheric depth layers, dark-fantasy painterly illustration, dramatic lighting, vivid colors, no text, no watermark",prompt_ready,shattered mirror,floating gem shard,spectral candelabra,floors/props/gemstone_cave/,floors/previews/floor_089_empty.png,pending,floors/previews/floor_089_populated.png,pending
90,Gemstone Cave,Cave,Yes,The Undying Crypt,floors/backgrounds/floor_090.png,"wide panoramic battle background, 1536x1024, no characters, no creatures, no UI, boss arena, The Undying Crypt, enclosed space, ominous atmosphere, dark-fantasy painterly illustration, dramatic lighting, vivid colors, no text, no watermark",1024x1024,prompt_ready,floors/parallax/gemstone_cave_par.png,"seamless parallax layer, 2304x1024, tileable horizontal, faceted crystal walls, prismatic light, atmospheric depth layers, dark-fantasy painterly illustration, dramatic lighting, vivid colors, no text, no watermark",prompt_ready,shattered mirror,floating gem shard,spectral candelabra,floors/props/gemstone_cave/,floors/previews/floor_090_empty.png,pending,floors/previews/floor_090_populated.png,pending
91,Flaming Hellscape,Outdoors,No,Obsidian Flats,floors/backgrounds/floor_091.png,"wide panoramic battle background, 1536x1024, no characters, no creatures, no UI, Obsidian Flats, Flaming Hellscape zone, outdoors terrain, dark-fantasy painterly illustration, dramatic lighting, vivid colors, no text, no watermark",1536x1024,prompt_ready,floors/parallax/flaming_hellscape_par.png,"seamless parallax layer, 2304x1024, tileable horizontal, molten rivers, obsidian pillars, atmospheric depth layers, dark-fantasy painterly illustration, dramatic lighting, vivid colors, no text, no watermark",prompt_ready,cracked forge,ember rain,chained gate,floors/props/flaming_hellscape/,floors/previews/floor_091_empty.png,pending,floors/previews/floor_091_populated.png,pending
92,Flaming Hellscape,Cave,No,Forge Tunnel,floors/backgrounds/floor_092.png,"wide panoramic battle background, 1536x1024, no characters, no creatures, no UI, Forge Tunnel, Flaming Hellscape zone, cave terrain, dark-fantasy painterly illustration, dramatic lighting, vivid colors, no text, no watermark",1536x1024,prompt_ready,floors/parallax/flaming_hellscape_par.png,"seamless parallax layer, 2304x1024, tileable horizontal, molten rivers, obsidian pillars, atmospheric depth layers, dark-fantasy painterly illustration, dramatic lighting, vivid colors, no text, no watermark",prompt_ready,cracked forge,ember rain,chained gate,floors/props/flaming_hellscape/,floors/previews/floor_092_empty.png,pending,floors/previews/floor_092_populated.png,pending
93,Flaming Hellscape,Cave,No,Slag Hollow,floors/backgrounds/floor_093.png,"wide panoramic battle background, 1536x1024, no characters, no creatures, no UI, Slag Hollow, Flaming Hellscape zone, cave terrain, dark-fantasy painterly illustration, dramatic lighting, vivid colors, no text, no watermark",1536x1024,prompt_ready,floors/parallax/flaming_hellscape_par.png,"seamless parallax layer, 2304x1024, tileable horizontal, molten rivers, obsidian pillars, atmospheric depth layers, dark-fantasy painterly illustration, dramatic lighting, vivid colors, no text, no watermark",prompt_ready,cracked forge,ember rain,chained gate,floors/props/flaming_hellscape/,floors/previews/floor_093_empty.png,pending,floors/previews/floor_093_populated.png,pending
94,Flaming Hellscape,Fishing,No,Magma Vent Pool,floors/backgrounds/floor_094.png,"wide panoramic battle background, 1536x1024, no characters, no creatures, no UI, Magma Vent Pool, Flaming Hellscape zone, fishing terrain, dark-fantasy painterly illustration, dramatic lighting, vivid colors, no text, no watermark",1536x1024,prompt_ready,floors/parallax/flaming_hellscape_par.png,"seamless parallax layer, 2304x1024, tileable horizontal, molten rivers, obsidian pillars, atmospheric depth layers, dark-fantasy painterly illustration, dramatic lighting, vivid colors, no text, no watermark",prompt_ready,cracked forge,ember rain,chained gate,floors/props/flaming_hellscape/,floors/previews/floor_094_empty.png,pending,floors/previews/floor_094_populated.png,pending
95,Flaming Hellscape,Cave,No,The Furnace Heart,floors/backgrounds/floor_095.png,"wide panoramic battle background, 1536x1024, no characters, no creatures, no UI, The Furnace Heart, Flaming Hellscape zone, cave terrain, dark-fantasy painterly illustration, dramatic lighting, vivid colors, no text, no watermark",1536x1024,prompt_ready,floors/parallax/flaming_hellscape_par.png,"seamless parallax layer, 2304x1024, tileable horizontal, molten rivers, obsidian pillars, atmospheric depth layers, dark-fantasy painterly illustration, dramatic lighting, vivid colors, no text, no watermark",prompt_ready,cracked forge,ember rain,chained gate,floors/props/flaming_hellscape/,floors/previews/floor_095_empty.png,pending,floors/previews/floor_095_populated.png,pending
96,Flaming Hellscape,Outdoors,No,Cinderfall Ridge,floors/backgrounds/floor_096.png,"wide panoramic battle background, 1536x1024, no characters, no creatures, no UI, Cinderfall Ridge, Flaming Hellscape zone, outdoors terrain, dark-fantasy painterly illustration, dramatic lighting, vivid colors, no text, no watermark",1536x1024,prompt_ready,floors/parallax/flaming_hellscape_par.png,"seamless parallax layer, 2304x1024, tileable horizontal, molten rivers, obsidian pillars, atmospheric depth layers, dark-fantasy painterly illustration, dramatic lighting, vivid colors, no text, no watermark",prompt_ready,cracked forge,ember rain,chained gate,floors/props/flaming_hellscape/,floors/previews/floor_096_empty.png,pending,floors/previews/floor_096_populated.png,pending
97,Flaming Hellscape,Cave,No,Rustbound Gallery,floors/backgrounds/floor_097.png,"wide panoramic battle background, 1536x1024, no characters, no creatures, no UI, Rustbound Gallery, Flaming Hellscape zone, cave terrain, dark-fantasy painterly illustration, dramatic lighting, vivid colors, no text, no watermark",1536x1024,prompt_ready,floors/parallax/flaming_hellscape_par.png,"seamless parallax layer, 2304x1024, tileable horizontal, molten rivers, obsidian pillars, atmospheric depth layers, dark-fantasy painterly illustration, dramatic lighting, vivid colors, no text, no watermark",prompt_ready,cracked forge,ember rain,chained gate,floors/props/flaming_hellscape/,floors/previews/floor_097_empty.png,pending,floors/previews/floor_097_populated.png,pending
98,Flaming Hellscape,Fishing,No,Boiling Cistern,floors/backgrounds/floor_098.png,"wide panoramic battle background, 1536x1024, no characters, no creatures, no UI, Boiling Cistern, Flaming Hellscape zone, fishing terrain, dark-fantasy painterly illustration, dramatic lighting, vivid colors, no text, no watermark",1536x1024,prompt_ready,floors/parallax/flaming_hellscape_par.png,"seamless parallax layer, 2304x1024, tileable horizontal, molten rivers, obsidian pillars, atmospheric depth layers, dark-fantasy painterly illustration, dramatic lighting, vivid colors, no text, no watermark",prompt_ready,cracked forge,ember rain,chained gate,floors/props/flaming_hellscape/,floors/previews/floor_098_empty.png,pending,floors/previews/floor_098_populated.png,pending
99,Flaming Hellscape,Cave,No,Emberlit Passage,floors/backgrounds/floor_099.png,"wide panoramic battle background, 1536x1024, no characters, no creatures, no UI, Emberlit Passage, Flaming Hellscape zone, cave terrain, dark-fantasy painterly illustration, dramatic lighting, vivid colors, no text, no watermark",1536x1024,prompt_ready,floors/parallax/flaming_hellscape_par.png,"seamless parallax layer, 2304x1024, tileable horizontal, molten rivers, obsidian pillars, atmospheric depth layers, dark-fantasy painterly illustration, dramatic lighting, vivid colors, no text, no watermark",prompt_ready,cracked forge,ember rain,chained gate,floors/props/flaming_hellscape/,floors/previews/floor_099_empty.png,pending,floors/previews/floor_099_populated.png,pending
100,Flaming Hellscape,Cave,Yes,The Godforge,floors/backgrounds/floor_100.png,"wide panoramic battle background, 1536x1024, no characters, no creatures, no UI, boss arena, The Godforge, enclosed space, ominous atmosphere, dark-fantasy painterly illustration, dramatic lighting, vivid colors, no text, no watermark",1024x1024,prompt_ready,floors/parallax/flaming_hellscape_par.png,"seamless parallax layer, 2304x1024, tileable horizontal, molten rivers, obsidian pillars, atmospheric depth layers, dark-fantasy painterly illustration, dramatic lighting, vivid colors, no text, no watermark",prompt_ready,cracked forge,ember rain,chained gate,floors/props/flaming_hellscape/,floors/previews/floor_100_empty.png,pending,floors/previews/floor_100_populated.png,pending
