Move_ID,Line_ID,Slot,Name,Power_S1,Power_S2,Power_S3,Cooldown,Effect_S1,Effect_S2,Effect_S3,Synergy,Anti,VFX_Description
M-THORNBACK-1,THORNBACK,1,Skullplate Ram,50,65,80,0,Damage only.,As Stage 3 with reduced magnitudes (~80% of listed values).,Damage; ignores 15% of target Defense.,-,-,Bony snout plate glows dull orange on impact; a shockwave ring of dust.
M-THORNBACK-2,THORNBACK,2,Bristleguard,0,0,0,2,"+20% Defense (self, 2t).",As Stage 3 with reduced magnitudes (~80% of listed values).,"+30% Defense (self, 2t); attackers take Quillprick: 4% max HP over 2t.",Beast allies also gain +10% Defense.,-,"Dorsal quills snap erect, glinting like iron nails."
M-THORNBACK-3,THORNBACK,3,Thorn Toss,30,40,50,0,Damage only.,As Stage 3 with reduced magnitudes (~80% of listed values).,"Damage; Impale: target bleeds 4% max HP/turn, 2t.",-,-,A fan of thrown quills that thunk in with visible shafts left standing.
M-THORNBACK-4,THORNBACK,4,Rampart Break,95,130,160,3,"Damage; Sunder Plate: -10%, 1t.",As Stage 3 with reduced magnitudes (~80% of listed values).,"Damage; Sunder Plate: -20% target Defense, 2t.",-,+30% damage vs Construct targets (built things crack).,Full-body charge that detonates masonry-like fragments off the target.
M-DUSTHOUND-1,DUSTHOUND,1,Snap,30,40,50,0,Damage only.,As Stage 3 with reduced magnitudes (~80% of listed values).,Damage; +20% more if user acted before the target this turn.,-,-,"A blurred lunge, jaws clicking shut with a dry crack."
M-DUSTHOUND-2,DUSTHOUND,2,Dust Kick,0,0,0,2,"Blinding Dust: -10%, 1t.",As Stage 3 with reduced magnitudes (~80% of listed values).,"Blinding Dust: target -15% Offense, 2t.","Beast allies gain +1 Speed stage, 1t.",-,"Hind legs rake the ground, throwing a curtain of ochre grit."
M-DUSTHOUND-3,DUSTHOUND,3,Run-Down,70,95,120,2,Damage only.,As Stage 3 with reduced magnitudes (~80% of listed values).,"Damage; Harried: target -1 Speed stage, 1t.",-,-,A circling sprint that ends in a shoulder-check through the dust cloud.
M-DUSTHOUND-4,DUSTHOUND,4,Choking Pall,95,130,160,3,"Damage; Pall: -10%, 1t.",As Stage 3 with reduced magnitudes (~80% of listed values).,"Damage; Pall: target -15% Offense, 2t.",-,+40% damage vs Insect targets (grit clogs spiracles).,The whole field browns out; the hound's eyes are the last thing visible.
M-BARROWMOLE-1,BARROWMOLE,1,Spade Claw,30,40,50,0,Damage.,Damage.,Damage.,-,-,"One oversized digging claw swats in a low arc, soil trailing."
M-BARROWMOLE-2,BARROWMOLE,2,Entrench,0,0,0,2,"+25% Defense (self, 2t).",As Stage 3 with reduced magnitudes (~80% of listed values).,"+35% Defense (self, 2t); cleanse 1 debuff.",-,-,The mole sinks to its shoulders in an instant self-dug pit.
M-BARROWMOLE-3,BARROWMOLE,3,Undermine,50,65,80,1,Damage; Sinkstep 1t.,As Stage 3 with reduced magnitudes (~80% of listed values).,"Damage; Sinkstep: target -1 Speed stage, 2t.",-,+35% damage vs Construct targets (foundations fail).,The ground under the target sags into a funnel of collapsing earth.
M-BARROWMOLE-4,BARROWMOLE,4,Collapse Barrow,70,95,120,3,"Damage; Buried: -10%, 1t.",As Stage 3 with reduced magnitudes (~80% of listed values).,"Damage; Buried: target -20% Defense, 2t.",-,-,A whole burial mound heaves up and slumps over the target.
M-BRAMBLEFAWN-1,BRAMBLEFAWN,1,Thorn Flick,30,40,50,0,Damage only.,As Stage 3 with reduced magnitudes (~80% of listed values).,"Damage; Nettle: 3% max HP/turn, 2t.",-,-,A casual toss of the head; a single vine-thorn whips across.
M-BRAMBLEFAWN-2,BRAMBLEFAWN,2,Verdant Ward,0,0,0,2,"One ally +15% Defense, 2t.",As Stage 3 with reduced magnitudes (~80% of listed values).,"All allies +25% Defense, 2t.",Floral allies gain +40% Defense instead.,-,Soft green light blooms from the antlers; petals settle on allies.
M-BRAMBLEFAWN-3,BRAMBLEFAWN,3,Tangle Snare,0,0,0,2,"Snare: -1 stage, 1t.",As Stage 3 with reduced magnitudes (~80% of listed values).,"Snare: target -2 Speed stages, 2t.",-,-,Thorned vines erupt beneath the target and lace over its legs.
M-BRAMBLEFAWN-4,BRAMBLEFAWN,4,Bloomburst,50,65,80,3,Damage only.,As Stage 3 with reduced magnitudes (~80% of listed values).,Damage; all allies cleanse 1 debuff.,-,-,The antler-vines flower all at once in a concussive pollen flash.
M-WRAITH-1,WRAITH,1,Soul Chase,30,40,50,0,Damage only.,As Stage 3 with reduced magnitudes (~80% of listed values).,Damage; +25% more if user acted before the target this turn.,-,-,"The horse phases through the target, trailing torn wisps of spirit."
M-WRAITH-2,WRAITH,2,Terror Gallop,50,65,80,1,Damage only.,As Stage 3 with reduced magnitudes (~80% of listed values).,"Damage; Dread: target -10% Offense, 2t.",-,-,Hoofbeats echo from every direction before the hit lands.
M-WRAITH-3,WRAITH,3,Night Veil,0,0,0,2,"Self +1 Speed stage, 1t.",As Stage 3 with reduced magnitudes (~80% of listed values).,"Self +1 Speed stage, 2t.","Fey and Spectral allies also gain +1 Speed stage, 1t.",-,Darkness pools off the mane like ink dropped in water.
M-WRAITH-4,WRAITH,4,Reap the Fleeing,95,130,160,3,Damage; +25% more vs slowed.,As Stage 3 with reduced magnitudes (~80% of listed values).,Damage; +50% more vs targets with a reduced Speed stage.,-,-,The nightmare rears; a scythe of black mist follows the swing of its head.
M-GOLGOTH-1,GOLGOTH,1,Stone Fist,50,65,80,0,Damage.,Damage.,Damage.,-,-,A forelimb like a quarry block hammers straight down.
M-GOLGOTH-2,GOLGOTH,2,Calcify,0,0,0,2,+20% Defense; same penalty.,As Stage 3 with reduced magnitudes (~80% of listed values).,"+30% Defense (self, 2t); self -1 Speed stage, 1t.",-,-,"Skin audibly hardens, seams of grey stone spreading like frost."
M-GOLGOTH-3,GOLGOTH,3,Seismic Stomp,70,95,120,2,Damage only.,As Stage 3 with reduced magnitudes (~80% of listed values).,"Damage; Staggered: target -1 Speed stage, 1t.",-,-,"One stamp; the arena jumps, dust leaping off every surface."
M-GOLGOTH-4,GOLGOTH,4,Avalanche Blow,95,130,160,3,Damage.,Damage.,Damage.,-,+30% damage vs Arthropod targets (shells shatter).,A two-limbed overhead smash that buries the target in rubble.
M-WYCHROOT-1,WYCHROOT,1,Root Lash,30,40,50,0,Damage.,Damage.,Damage.,-,-,A root snaps out of the soil like a bullwhip.
M-WYCHROOT-2,WYCHROOT,2,Sap Drink,0,0,0,2,"Leech Roots: 3%/turn, 2t; no heal.",As Stage 3 with reduced magnitudes (~80% of listed values).,"Leech Roots: 4% max HP/turn, 2t; user heals the amount dealt.",-,-,Pale rootlets pierce the target; amber sap flows back along them.
M-WYCHROOT-3,WYCHROOT,3,Barkskin,0,0,0,2,"+25% Defense (self, 2t).",As Stage 3 with reduced magnitudes (~80% of listed values).,"+35% Defense (self, 2t).","Floral allies gain +15% Defense, 2t.",-,Bark plates grind closed over every gap in the stump's body.
M-WYCHROOT-4,WYCHROOT,4,Strangleroots,70,95,120,3,"Damage; Rootbound: -1 stage, 1t.",As Stage 3 with reduced magnitudes (~80% of listed values).,"Damage; Rootbound: target -2 Speed stages, 2t.",-,+30% damage vs Undead targets (living wood splits dead flesh).,The entire root system surfaces and constricts in a woody spiral.
M-GARROTE-1,GARROTE,1,Wire Whip,30,40,50,0,Damage only.,As Stage 3 with reduced magnitudes (~80% of listed values).,Damage; +20% more if user acted before the target this turn.,-,-,A sinew-cord cracks across the target faster than sight.
M-GARROTE-2,GARROTE,2,Cinch,50,65,80,1,Damage only.,As Stage 3 with reduced magnitudes (~80% of listed values).,"Damage; Garroted: target -10% Offense, 2t.",-,-,A loop of knotted binding tightens around the throat and drags.
M-GARROTE-3,GARROTE,3,Gallows Drop,70,95,120,2,Damage; +20% execute bonus.,As Stage 3 with reduced magnitudes (~80% of listed values).,Damage; +35% more vs targets below 40% HP.,-,-,The revenant hoists the target a metre and lets it fall short.
M-GARROTE-4,GARROTE,4,Last Knot,95,130,160,4,"Damage; Throttle: -10% Offense, 1t.",As Stage 3 with reduced magnitudes (~80% of listed values).,"Damage; Throttle: target -20% Offense and -1 Speed stage, 2t.",-,+40% damage vs Beast targets (necks are its trade).,"Every cord on its body strikes at once, weaving a strangling web."
M-GALLOWSBIRD-1,GALLOWSBIRD,1,Peck of Omens,30,40,50,0,Damage.,Damage.,Damage.,-,-,A precise strike; a single black feather drifts down after.
M-GALLOWSBIRD-2,GALLOWSBIRD,2,Death Knell,0,0,0,2,"Knell: +10%, 1t.",As Stage 3 with reduced magnitudes (~80% of listed values).,"Knell: target takes +20% damage from all sources, 2t.",-,-,The exposed ribcage rings like a struck bell; the tone lingers.
M-GALLOWSBIRD-3,GALLOWSBIRD,3,Carrion Call,0,0,0,2,"One ally +10% Offense, 2t.",As Stage 3 with reduced magnitudes (~80% of listed values).,"All allies +15% Offense, 2t.",Undead allies gain +30% Offense instead.,-,A rattling caw; shadows of circling birds cross the ground.
M-GALLOWSBIRD-4,GALLOWSBIRD,4,Funeral Wind,50,65,80,3,Damage; +20% vs Knell.,As Stage 3 with reduced magnitudes (~80% of listed values).,Damage; +40% more vs targets with Knell.,-,-,A downdraft of grave-cold air flattens the grass around the target.
M-HERNE-1,HERNE,1,Antler Jab,30,40,50,0,Damage.,Damage.,Damage.,-,-,"A short, contemptuous toss of the crowned head."
M-HERNE-2,HERNE,2,Sovereign's Bloom,0,0,0,3,Heal one ally 15% max HP.,As Stage 3 with reduced magnitudes (~80% of listed values).,Heal one ally 25% max HP.,Fey and Beast allies are healed 10% more.,-,Flowers along the antlers open; drifting petals knit wounds shut.
M-HERNE-3,HERNE,3,Wild Command,0,0,0,2,"One ally +10% Offense, 2t.",As Stage 3 with reduced magnitudes (~80% of listed values).,"One ally +20% Offense, 2t.",Beast allies gain +30% Offense instead.,-,The stag-lord's eyes flare green; the ally's hackles rise in answer.
M-HERNE-4,HERNE,4,Horned Judgment,70,95,120,3,Damage.,Damage.,Damage.,-,+40% damage vs Demon targets (the old wild abhors them).,Antlers blaze white-green as the stag charges through the target.
M-TIDECRAWLER-1,TIDECRAWLER,1,Pincer Snip,30,40,50,0,Damage.,Damage.,Damage.,-,-,One claw scissors shut with a wet clack.
M-TIDECRAWLER-2,TIDECRAWLER,2,Shell Up,0,0,0,2,"+20% Defense (self, 2t).",As Stage 3 with reduced magnitudes (~80% of listed values).,"+30% Defense (self, 2t).",-,-,The crab folds flat; barnacled plate faces the world.
M-TIDECRAWLER-3,TIDECRAWLER,3,Scuttle Strike,50,65,80,1,Damage only.,As Stage 3 with reduced magnitudes (~80% of listed values).,Damage; +20% more if user acted before the target this turn.,-,-,A blinding sideways skitter ending in a claw-hook.
M-TIDECRAWLER-4,TIDECRAWLER,4,Barnacle Grind,70,95,120,3,"Damage; Hullscrape: -10%, 1t.",As Stage 3 with reduced magnitudes (~80% of listed values).,"Damage; Hullscrape: target -15% Defense, 2t.",-,+30% damage vs Mollusk targets (it grinds shells for a living).,"The crusted shell rasps across the target, shaving off sparks and scale."
M-SALTJAW-1,SALTJAW,1,Bite,50,65,80,0,Damage.,Damage.,Damage.,-,-,The whole fish is briefly just an open mouth.
M-SALTJAW-2,SALTJAW,2,Thrash,30,40,50,0,Damage only.,As Stage 3 with reduced magnitudes (~80% of listed values).,"Damage; Ragged: target bleeds 3% max HP/turn, 2t.",-,-,Violent side-to-side shaking; water and red spray.
M-SALTJAW-3,SALTJAW,3,Salt Wound,70,95,120,2,Damage; +20% vs DoT.,As Stage 3 with reduced magnitudes (~80% of listed values).,Damage; +40% more vs targets with any damage-over-time effect.,-,-,Brine gushes from the gills directly into the target's open cuts.
M-SALTJAW-4,SALTJAW,4,Jawlock,95,130,160,3,"Damage; Clamped: -1 Speed stage, 1t.",As Stage 3 with reduced magnitudes (~80% of listed values).,"Damage; Clamped: target -1 Speed stage and -10% Offense, 2t.",-,"+30% damage vs Amphibian targets (soft prey, old habit).",The jaws seize and simply do not let go; the body whips behind them.
M-BRINEFROG-1,BRINEFROG,1,Brine Spit,30,40,50,0,Damage only.,As Stage 3 with reduced magnitudes (~80% of listed values).,"Damage; Sting: target -5% Offense, 1t.",-,-,A pressurised jet of cloudy saltwater to the eyes.
M-BRINEFROG-2,BRINEFROG,2,Weeping Mist,0,0,0,2,"Brineblind: -10%, 1t.",As Stage 3 with reduced magnitudes (~80% of listed values).,"Brineblind: target -15% Offense, 2t.",-,-,The frog's whole skin weeps; a stinging fog rolls off it.
M-BRINEFROG-3,BRINEFROG,3,Puff Up,0,0,0,2,"+20% Defense (self, 2t).",As Stage 3 with reduced magnitudes (~80% of listed values).,"+30% Defense (self, 2t).",-,-,The toad inflates to twice its size with a rubbery creak.
M-BRINEFROG-4,BRINEFROG,4,Deluge Croak,50,65,80,3,"Damage; Soaked: -10%, 1t.",As Stage 3 with reduced magnitudes (~80% of listed values).,"Damage; Soaked: target -15% Defense, 2t.","Aquatic allies: Soaked targets also take -1 Speed stage, 1t.",+30% damage vs Elemental targets (douses them).,A croak so deep it arrives as a wall of displaced water.
M-CRESTMANTIS-1,CRESTMANTIS,1,Jab Volley,30,40,50,0,Damage as 2 hits.,As Stage 3 with reduced magnitudes (~80% of listed values).,Damage as 3 rapid hits.,-,-,A drumroll of punches too fast to count.
M-CRESTMANTIS-2,CRESTMANTIS,2,Cavitation Snap,50,65,80,1,Damage; ignores 10%.,As Stage 3 with reduced magnitudes (~80% of listed values).,Damage; ignores 20% of target Defense.,-,-,The claw snaps; a collapsing bubble flashes white where it points.
M-CRESTMANTIS-3,CRESTMANTIS,3,Boiling Point,0,0,0,1,"Self +15% Offense, 2t.",As Stage 3 with reduced magnitudes (~80% of listed values).,"Self +25% Offense, 2t.",-,-,The crest glows through orange to white; water steams off it.
M-CRESTMANTIS-4,CRESTMANTIS,4,Thermal Lance Punch,95,130,160,3,"Damage; Scalded: -10%, 1t.",As Stage 3 with reduced magnitudes (~80% of listed values).,"Damage; Scalded: target -15% Defense, 2t.",-,+40% damage vs Mollusk targets (shell-cracker by trade).,One punch rides a spear of superheated water that flashes to steam.
M-RUSALKA-1,RUSALKA,1,Undertow Touch,30,40,50,0,Damage.,Damage.,Damage.,-,-,A pale hand of moving water brushes past; the pull follows.
M-RUSALKA-2,RUSALKA,2,Drowning Lure,0,0,0,2,"Lured: -1 Speed stage, 1t.",As Stage 3 with reduced magnitudes (~80% of listed values).,"Lured: target -1 Speed stage and -10% Offense, 2t.",-,-,A soft song; the water around the target thickens visibly.
M-RUSALKA-3,RUSALKA,3,Mendtide,0,0,0,3,Heal one ally 15% max HP.,As Stage 3 with reduced magnitudes (~80% of listed values).,Heal one ally 25% max HP.,Aquatic allies are healed 10% more.,-,"A wave washes over the ally and recedes, taking the wounds with it."
M-RUSALKA-4,RUSALKA,4,Grief Surge,50,65,80,3,Damage; +20% vs Lured.,As Stage 3 with reduced magnitudes (~80% of listed values).,Damage; +40% more vs targets with Lured.,-,-,The nymph's form collapses into a breaking wave of drowned faces.
M-BULWARK-1,BULWARK,1,Shell Bash,30,40,50,0,Damage.,Damage.,Damage.,-,-,The fortress-shell tilts and slams down edge-first.
M-BULWARK-2,BULWARK,2,Withdraw,0,0,0,3,"+35% Defense (self, 1t); no heal.",As Stage 3 with reduced magnitudes (~80% of listed values).,"+50% Defense (self, 1t); heal self 15% max HP.",-,-,The snail vanishes inside; the shell seals with a stone-on-stone boom.
M-BULWARK-3,BULWARK,3,Rampart Slime,0,0,0,2,Mired Trail: 1t.,As Stage 3 with reduced magnitudes (~80% of listed values).,"Mired Trail: target -1 Speed stage, 2t.",-,-,A glistening moat of slime spreads out around the target's feet.
M-BULWARK-4,BULWARK,4,Fortress Slam,70,95,120,3,Damage only.,As Stage 3 with reduced magnitudes (~80% of listed values).,Damage; +30% more if user has an active Defense buff.,-,-,The whole spiral tower of shell pivots and falls like a drawbridge.
M-NETHEREEL-1,NETHEREEL,1,Phase Bite,30,40,50,0,Damage.,As Stage 3 with reduced magnitudes (~80% of listed values).,Damage; ignores 10% of target Defense.,-,-,The eel's head flickers out of existence and reappears mid-bite.
M-NETHEREEL-2,NETHEREEL,2,Static Discharge,50,65,80,1,Damage only.,As Stage 3 with reduced magnitudes (~80% of listed values).,"Damage; Numbed: target -1 Speed stage, 1t.",-,-,Blue-white arcs crawl along the target's limbs and lock them.
M-NETHEREEL-3,NETHEREEL,3,Unreal Slip,0,0,0,2,"Self +1 Speed stage, 1t.",As Stage 3 with reduced magnitudes (~80% of listed values).,"Self +1 Speed stage, 2t; next hit taken -30%.",-,-,"Half the eel's body desaturates, like film losing a frame."
M-NETHEREEL-4,NETHEREEL,4,Void Lash,95,130,160,3,Damage.,Damage.,Damage.,-,+40% damage vs Eldritch targets (the void unravels elder things).,The tail sweeps through a smear of pure black that bends the light.
M-CORALHYDRA-1,CORALHYDRA,1,Triple Maul,50,65,80,0,Damage as 2 hits.,As Stage 3 with reduced magnitudes (~80% of listed values).,"Damage as 3 hits, one per head.",-,-,Three heads strike in overlapping arcs from different angles.
M-CORALHYDRA-2,CORALHYDRA,2,Coral Rake,30,40,50,0,Damage only.,As Stage 3 with reduced magnitudes (~80% of listed values).,"Damage; Coral Rot: target -10% Defense, 2t.",-,-,"Razor coral crusts drag across the target, leaving chalky gouges."
M-CORALHYDRA-3,CORALHYDRA,3,Regrow Head,0,0,0,3,"Self +15% Offense, 2t.",As Stage 3 with reduced magnitudes (~80% of listed values).,"Self +25% Offense, 2t; cleanse 1 debuff.",-,-,A severed stump boils and blossoms into a new snarling head.
M-CORALHYDRA-4,CORALHYDRA,4,Ninefold Fury,95,130,160,4,Damage as 2 hits.,As Stage 3 with reduced magnitudes (~80% of listed values).,Damage as 3 hits.,-,+30% damage vs Aquatic targets (apex of its own reef).,Every head strikes at once; the water itself seems to bite.
M-DAGON-1,DAGON,1,Abyssal Crush,50,65,80,0,Damage.,Damage.,Damage.,-,-,A barnacled fist falls with the weight of a sinking ship.
M-DAGON-2,DAGON,2,Drowned Court,0,0,0,2,"One ally +10% Offense, 2t.",As Stage 3 with reduced magnitudes (~80% of listed values).,"All allies +15% Offense, 2t.",Undead and Aquatic allies gain +30% Offense instead.,-,Kelp-wrapped shades of drowned sailors rise and bow to the allies.
M-DAGON-3,DAGON,3,Tide of Ruin,70,95,120,2,"Damage; Salt Curse: -10%, 1t.",As Stage 3 with reduced magnitudes (~80% of listed values).,"Damage; Salt Curse: target -15% Defense, 2t.",-,-,"A green-black wave crests over the target and hangs, refusing to break."
M-DAGON-4,DAGON,4,The Sea Remembers,95,130,160,4,Damage; +15% per debuff (max +30%).,As Stage 3 with reduced magnitudes (~80% of listed values).,Damage; +25% more per debuff on target (max +50%).,-,-,"The water darkens with every wrong ever drowned in it, then falls."
M-VOIDSIPHON-1,VOIDSIPHON,1,Ink Jet,30,40,50,0,Damage.,Damage.,Damage.,-,-,A propulsive squirt of ink black enough to look solid.
M-VOIDSIPHON-2,VOIDSIPHON,2,Swallowing Ink,0,0,0,2,"Inkblind: -10%, 1t.",As Stage 3 with reduced magnitudes (~80% of listed values).,"Inkblind: target -20% Offense, 2t.","Mollusk allies gain +15% Defense, 2t.",-,The ink cloud doesn't disperse — it contracts around the target's head.
M-VOIDSIPHON-3,VOIDSIPHON,3,Blink Home,0,0,0,2,"+25% Defense (self, 1t).",As Stage 3 with reduced magnitudes (~80% of listed values).,"+40% Defense (self, 1t); cleanse 1 debuff.",-,-,"The squid folds into its own ink and reappears a metre away, refreshed."
M-VOIDSIPHON-4,VOIDSIPHON,4,Event Horizon,70,95,120,3,"Damage; Pulled Under: -1 stage, 1t.",As Stage 3 with reduced magnitudes (~80% of listed values).,"Damage; Pulled Under: target -2 Speed stages, 1t.",-,+35% damage vs Fey targets (the black swallows glamour).,"The ink cloud collapses inward to a point, dragging the target with it."
M-DUSKSCALE-1,DUSKSCALE,1,Tail Sweep,50,65,80,0,Damage.,Damage.,Damage.,-,-,"A low, heavy tail arc that kicks up a fan of sand."
M-DUSKSCALE-2,DUSKSCALE,2,Duskshift,0,0,0,2,"+20% Defense (self, 2t).",As Stage 3 with reduced magnitudes (~80% of listed values).,"+30% Defense (self, 2t); +10% Offense (self, 2t).","Reptile allies gain +10% Offense, 2t.",-,Scales ripple through sunset colours until the lizard half-vanishes.
M-DUSKSCALE-3,DUSKSCALE,3,Basking Fury,70,95,120,2,Damage only.,As Stage 3 with reduced magnitudes (~80% of listed values).,Damage; +30% more if user is above 70% HP.,-,-,Heat-shimmer pours off the scales as the monitor lunges.
M-DUSKSCALE-4,DUSKSCALE,4,Twilight Maw,95,130,160,3,Damage.,Damage.,Damage.,-,+30% damage vs Insect targets (a lifetime of eating them).,The jaws open against a darkening sky; the bite lands out of the glare.
M-SANDSKITTER-1,SANDSKITTER,1,Wailing Touch,30,40,50,0,Damage.,Damage.,Damage.,-,-,A pale hand passes through the target; the sound arrives late.
M-SANDSKITTER-2,SANDSKITTER,2,Keening,0,0,0,2,"Unraveled: -10%, 1t.",As Stage 3 with reduced magnitudes (~80% of listed values).,"Unraveled: target -15% Defense, 2t.",-,-,A held shriek; threads of the target visibly fray loose.
M-SANDSKITTER-3,SANDSKITTER,3,Death Omen,0,0,0,2,Omen: +15%.,As Stage 3 with reduced magnitudes (~80% of listed values).,Omen: target takes +25% damage from the next hit against it.,-,-,The banshee points; a black mark blooms where she looks.
M-SANDSKITTER-4,SANDSKITTER,4,Requiem Shriek,70,95,120,3,Damage; +25% vs Unraveled.,As Stage 3 with reduced magnitudes (~80% of listed values).,Damage; +50% more vs targets with Unraveled.,-,+30% damage vs Beast targets (the living hear it worst).,The wail becomes visible — concentric rings that shred what they cross.
M-DUNECOIL-1,DUNECOIL,1,Ambush Strike,50,65,80,1,Damage; +15% first-strike bonus.,As Stage 3 with reduced magnitudes (~80% of listed values).,Damage; +30% more if user acted before the target this turn.,-,-,The sand bulges and the strike is already over.
M-DUNECOIL-2,DUNECOIL,2,Sand Swim,0,0,0,2,"Self +1 Speed stage, 1t.",As Stage 3 with reduced magnitudes (~80% of listed values).,"Self +1 Speed stage, 2t; next hit taken -20%.",-,-,The sidewinder pours itself under the surface like water.
M-DUNECOIL-3,DUNECOIL,3,Constrict,50,65,80,1,Damage; Coilcrush 1t.,As Stage 3 with reduced magnitudes (~80% of listed values).,"Damage; Coilcrush: target -1 Speed stage, 2t.",-,-,Loops of muscle stack around the target with a dry rasp.
M-DUNECOIL-4,DUNECOIL,4,Buried Fang,95,130,160,3,"Damage; Venom Grit: 3%/turn, 2t.",As Stage 3 with reduced magnitudes (~80% of listed values).,"Damage; Venom Grit: 5% max HP/turn, 2t.",-,-,"A strike from below the sand, fangs first, venom mixed with grit."
M-FATA-1,FATA,1,Mirage Claw,30,40,50,0,Damage only.,As Stage 3 with reduced magnitudes (~80% of listed values).,Damage; +20% more if user acted before the target this turn.,-,-,The claw comes from where the cat isn't.
M-FATA-2,FATA,2,Heat Haze,0,0,0,2,Next hit taken -25%.,As Stage 3 with reduced magnitudes (~80% of listed values).,Next 2 hits taken -25%.,-,-,The cat's outline wavers and doubles in the shimmer.
M-FATA-3,FATA,3,Double Image,50,65,80,1,Damage as 2 hits.,As Stage 3 with reduced magnitudes (~80% of listed values).,Damage as 2 hits; second hit +30% more vs debuffed targets.,-,-,Two identical cats strike; only one leaves pawprints.
M-FATA-4,FATA,4,Dream of Water,95,130,160,3,"Damage; Parched Hope: -10% Offense, 1t.",As Stage 3 with reduced magnitudes (~80% of listed values).,"Damage; Parched Hope: target -15% Offense and -10% Defense, 2t.",-,+35% damage vs Fey targets (it out-tricks tricksters).,"A cool blue oasis blooms around the target, then evaporates into the hit."
M-SIMOOM-1,SIMOOM,1,Grinding Gale,30,40,50,0,Damage; Abrade does not stack.,As Stage 3 with reduced magnitudes (~80% of listed values).,"Damage; Abrade: target -5% Defense, stacks up to 3 times.",-,-,A sustained blast of sand that polishes what it strikes.
M-SIMOOM-2,SIMOOM,2,Reform,0,0,0,3,"+25% Defense (self, 1t); cleanse 1.",As Stage 3 with reduced magnitudes (~80% of listed values).,"+40% Defense (self, 1t); cleanse all debuffs.",-,-,The construct collapses to a dune and rebuilds itself grain by grain.
M-SIMOOM-3,SIMOOM,3,Sandblast,70,95,120,2,Damage only.,As Stage 3 with reduced magnitudes (~80% of listed values).,"Damage; Scoured: target -10% Offense, 2t.",-,-,A shotgun cone of ash and quartz at point-blank range.
M-SIMOOM-4,SIMOOM,4,Stormwall,0,0,0,3,"One ally takes -20% damage, 1t.",As Stage 3 with reduced magnitudes (~80% of listed values).,"All allies take -25% damage, 1t.",Construct allies take -40% damage instead.,-,A standing wave of sand curls over the team like a cresting dune.
M-ECHIDNA-1,ECHIDNA,1,Viper Spit,30,40,50,0,Damage only.,As Stage 3 with reduced magnitudes (~80% of listed values).,"Damage; Mothervenom: 3% max HP/turn, 2t.",-,-,A precise dart of venom that hisses where it lands.
M-ECHIDNA-2,ECHIDNA,2,Brood Call,0,0,0,2,"Self +15% Offense, 2t.",As Stage 3 with reduced magnitudes (~80% of listed values).,"Self +25% Offense, 2t.","Serpent and Chimera allies gain +15% Offense, 2t.",-,Dozens of small vipers surface and coil around their mother.
M-ECHIDNA-3,ECHIDNA,3,Matriarch's Coil,70,95,120,2,Damage; Coiled 1t.,As Stage 3 with reduced magnitudes (~80% of listed values).,"Damage; Coiled: target -1 Speed stage, 2t.",-,-,"The great body wraps the target once, tightens, releases."
M-ECHIDNA-4,ECHIDNA,4,Thousand Fangs,95,130,160,4,"Damage as 3 hits, no venom.",As Stage 3 with reduced magnitudes (~80% of listed values).,Damage as 4 hits; each applies 1t of Mothervenom.,-,+30% damage vs Chimera targets (the mother of monsters despises stitched fakes).,The brood strikes as one — a wave of small mouths.
M-EMBERCLAW-1,EMBERCLAW,1,Sear Swipe,30,40,50,0,Damage only.,As Stage 3 with reduced magnitudes (~80% of listed values).,"Damage; Cauterized: target's healing received -50%, 2t.",-,-,The claw glows forge-orange; the wound smokes instead of bleeding.
M-EMBERCLAW-2,EMBERCLAW,2,Kindle,0,0,0,1,"Self +10% Offense, 2t.",As Stage 3 with reduced magnitudes (~80% of listed values).,"Self +20% Offense, 2t.",-,-,The claws brighten from ember-red toward white.
M-EMBERCLAW-3,EMBERCLAW,3,Killing Heat,70,95,120,2,"Damage; Scorch: 3%/turn, 1t.",As Stage 3 with reduced magnitudes (~80% of listed values).,"Damage; Scorch: 4% max HP/turn, 2t.",-,-,Afterimages of heat hang in the air along the slash path.
M-EMBERCLAW-4,EMBERCLAW,4,White-Hot Rend,95,130,160,3,Damage.,Damage.,Damage.,-,+45% damage vs Floral and Ooze targets (it boils them).,Both claws cross at full killing heat; the X-shaped afterglow lingers.
M-ZARATAN-1,ZARATAN,1,Ruin Shrug,30,40,50,0,Damage.,Damage.,Damage.,-,-,The tortoise shifts; a cornice of its shell-ruins drops on the target.
M-ZARATAN-2,ZARATAN,2,Ancient Patience,0,0,0,3,"+30% Defense (self, 2t).",As Stage 3 with reduced magnitudes (~80% of listed values).,"+50% Defense (self, 2t).",-,-,The colossus settles lower; moss visibly spreads over its plates.
M-ZARATAN-3,ZARATAN,3,Weight of Ages,50,65,80,2,Damage; +15% per buff (max +30%).,As Stage 3 with reduced magnitudes (~80% of listed values).,Damage; +30% more per active Defense buff on self (max +60%).,-,-,One deliberate step forward. The ground remembers it.
M-ZARATAN-4,ZARATAN,4,Continental Roll,95,130,160,4,"Damage; Ruinshock: -10%, 1t.",As Stage 3 with reduced magnitudes (~80% of listed values).,"Damage; Ruinshock: target -15% Defense, 2t.",-,+35% damage vs Construct targets (its ruins have crushed better buildings).,"The impossible: the whole mountain-shell tips, rolls, and rights itself."
M-MARID-1,MARID,1,Scouring Wind,30,40,50,0,Damage.,Damage.,Damage.,-,-,A ribbon of sand-laden wind snaps like a whip.
M-MARID-2,MARID,2,Sand Cyclone,50,65,80,1,Damage only.,As Stage 3 with reduced magnitudes (~80% of listed values).,"Damage; Gritted Eyes: target -10% Offense, 2t.",-,-,A person-sized dust devil engulfs the target's head.
M-MARID-3,MARID,3,Djinn Step,0,0,0,2,"Self +1 Speed stage, 1t.",As Stage 3 with reduced magnitudes (~80% of listed values).,"Self +1 Speed stage, 2t.","Elemental allies gain +1 Speed stage, 1t.",-,The djinn disperses and re-forms three strides closer.
M-MARID-4,MARID,4,Simoom's Wrath,95,130,160,3,"Damage; Flayed: -10%, 1t.",As Stage 3 with reduced magnitudes (~80% of listed values).,"Damage; Flayed by Sand: target -15% Defense, 2t.",-,+30% damage vs Avian targets (storms ground birds).,The horizon turns brown and arrives all at once.
M-OUROBOROS-1,OUROBOROS,1,World Coil,50,65,80,0,Damage.,Damage.,Damage.,-,-,A section of endless body simply tightens across the field.
M-OUROBOROS-2,OUROBOROS,2,Tail Swallow,0,0,0,2,Cleanse 1; +10% Offense if cleansed.,As Stage 3 with reduced magnitudes (~80% of listed values).,"Cleanse all self debuffs; +15% Offense (self, 2t) per debuff cleansed.",-,-,The serpent bites its own tail; what ailed it travels the loop and is gone.
M-OUROBOROS-3,OUROBOROS,3,Eternal Bind,70,95,120,2,"Damage; -1 Speed stage, 1t.",As Stage 3 with reduced magnitudes (~80% of listed values).,"Damage; target -1 Speed stage, 2t; refreshes the duration of existing damage-over-time effects on the target.",-,-,Coils close in a pattern with no visible beginning.
M-OUROBOROS-4,OUROBOROS,4,End Is Beginning,95,130,160,4,Damage; +20% vs 2+ debuffs.,As Stage 3 with reduced magnitudes (~80% of listed values).,Damage; +40% more vs targets with 2 or more debuffs.,-,-,For one frame the serpent's ring closes around the entire arena.
M-GLOOMGRUB-1,GLOOMGRUB,1,Acid Dribble,30,40,50,0,Damage only.,As Stage 3 with reduced magnitudes (~80% of listed values).,"Damage; Etched: target -5% Defense, 2t.",-,-,A thin line of smoking fluid arcs from the larva's mouth.
M-GLOOMGRUB-2,GLOOMGRUB,2,Corrosive Burst,0,0,0,2,"Meltshell: -10%, 1t.",As Stage 3 with reduced magnitudes (~80% of listed values).,"Meltshell: target -20% Defense, 2t.",-,-,The grub convulses and vents acid from every pore at once.
M-GLOOMGRUB-3,GLOOMGRUB,3,Curl Up,0,0,0,2,"+25% Defense (self, 2t).",As Stage 3 with reduced magnitudes (~80% of listed values).,"+35% Defense (self, 2t).",-,-,"The larva rolls into a glistening, rubbery ball."
M-GLOOMGRUB-4,GLOOMGRUB,4,Dissolving Flood,50,65,80,3,"Damage; Meltshell: -10%, 2t.",As Stage 3 with reduced magnitudes (~80% of listed values).,"Damage; Meltshell: -20% Defense, 3t.",-,+40% damage vs Construct targets (acid against the made).,A wave of acid that eats colour out of everything it crosses.
M-THORNHUSK-1,THORNHUSK,1,Branch Jab,30,40,50,0,Damage.,Damage.,Damage.,-,-,What looked like a dead branch stabs forward.
M-THORNHUSK-2,THORNHUSK,2,Mimic Bark,0,0,0,2,"+20% Defense (self, 2t).",As Stage 3 with reduced magnitudes (~80% of listed values).,"+30% Defense (self, 2t).","Floral allies gain +10% Defense, 2t.",-,The beetle stills completely; its outline stops reading as a creature.
M-THORNHUSK-3,THORNHUSK,3,Thorn Volley,50,65,80,1,Damage only.,As Stage 3 with reduced magnitudes (~80% of listed values).,"Damage; Splinters: 3% max HP/turn, 2t.",-,-,A rattling burst of woody spines from the carapace seams.
M-THORNHUSK-4,THORNHUSK,4,Husk Detonation,70,95,120,3,"Damage; same recoil, no Impaled.",As Stage 3 with reduced magnitudes (~80% of listed values).,"Damage; Impaled: target -10% Defense, 2t; user loses 10% max HP.",-,-,The outer husk explodes outward in a ring of thorn shrapnel.
M-SPOREFLY-1,SPOREFLY,1,Dart,30,40,50,0,Damage.,Damage.,Damage.,-,-,A needling dive too quick to swat.
M-SPOREFLY-2,SPOREFLY,2,Spore Dusting,0,0,0,1,"Infected: 3%/turn, 1t.",As Stage 3 with reduced magnitudes (~80% of listed values).,"Infected: 3% max HP/turn, 2t; if target already has Infected, extend it 1t.",-,-,A puff of grey-green motes settles and clings.
M-SPOREFLY-3,SPOREFLY,3,Carrier Swarm,0,0,0,2,"Fungal ally +10% Offense, 2t.",As Stage 3 with reduced magnitudes (~80% of listed values).,"Fungal allies +20% Offense, 2t.",(This move IS the synergy: Fungal-only buff.),-,"The fly's swarm splits and orbits its fungal allies, feeding them."
M-SPOREFLY-4,SPOREFLY,4,Bloomlung,50,65,80,3,Damage; +25% vs Infected.,As Stage 3 with reduced magnitudes (~80% of listed values).,Damage; +50% more vs targets with Infected.,-,-,"Spores in the target's wounds bloom all at once, tearing outward."
M-ARACHNE-1,ARACHNE,1,Fang Strike,30,40,50,0,Damage only.,As Stage 3 with reduced magnitudes (~80% of listed values).,"Damage; Widow's Kiss: 3% max HP/turn, 2t.",-,-,The humanoid torso bends impossibly to bring fangs down.
M-ARACHNE-2,ARACHNE,2,Paralytic Silk,0,0,0,2,"Numbweave: -1 stage, 1t.",As Stage 3 with reduced magnitudes (~80% of listed values).,"Numbweave: target -2 Speed stages, 2t.",-,-,A cast net of silk that tightens as the target struggles.
M-ARACHNE-3,ARACHNE,3,Web Larder,0,0,0,2,"Wrapped: +10%, 2t.",As Stage 3 with reduced magnitudes (~80% of listed values).,"Wrapped: target takes +20% damage from the user, 2t.",-,-,"The target is spun once, twice — hung like stock in a pantry."
M-ARACHNE-4,ARACHNE,4,Silken Guillotine,95,130,160,3,Damage; +25% vs Numbweave.,As Stage 3 with reduced magnitudes (~80% of listed values).,Damage; +50% more vs targets with Numbweave.,-,-,"A single silk strand pulled taut at neck height, then a shove."
M-CARNIFORA-1,CARNIFORA,1,Snap Trap,30,40,50,0,Damage.,Damage.,Damage.,-,-,The head-bloom closes on the target with a wet clap.
M-CARNIFORA-2,CARNIFORA,2,Digestive Bath,0,0,0,2,"Enzyme Drip: -10% Defense, 1t.",As Stage 3 with reduced magnitudes (~80% of listed values).,"Enzyme Drip: target -15% Defense and 3% max HP/turn, 2t.",-,-,Clear fluid sluices over the target; surfaces begin to soften.
M-CARNIFORA-3,CARNIFORA,3,Rooted Feast,50,65,80,2,Damage; heals 25%.,As Stage 3 with reduced magnitudes (~80% of listed values).,Damage; user heals 50% of damage dealt.,-,-,Rootlets spear into the target and pulse as they draw.
M-CARNIFORA-4,CARNIFORA,4,Overgrowth,0,0,0,3,"One ally +15% Defense, 2t.",As Stage 3 with reduced magnitudes (~80% of listed values).,"All allies +20% Defense, 2t.",Floral allies gain +35% Defense instead.,-,Vines burst from the soil and lattice over the team.
M-PLAGUECARRIER-1,PLAGUECARRIER,1,Chitin Clip,30,40,50,0,Damage.,Damage.,Damage.,-,-,"Mandibles nip once, almost politely."
M-PLAGUECARRIER-2,PLAGUECARRIER,2,Release the Colony,0,0,0,2,"Infested: 3%/turn, 1t.",As Stage 3 with reduced magnitudes (~80% of listed values).,"Infested: 4% max HP/turn, 2t.","Parasite allies gain +15% Offense, 2t.",-,The shell lifts; a glittering tide pours out and onto the target.
M-PLAGUECARRIER-3,PLAGUECARRIER,3,Host's Gift,0,0,0,2,Cleanse only.,As Stage 3 with reduced magnitudes (~80% of listed values).,"One ally cleanses 1 debuff and gains +20% Offense, 2t.",Insect allies gain +30% Offense instead.,-,A few parasites leap to the ally and eat what troubles it.
M-PLAGUECARRIER-4,PLAGUECARRIER,4,Pandemic Bite,70,95,120,3,Damage; Infested 2t.,As Stage 3 with reduced magnitudes (~80% of listed values).,"Damage; Infested: 4% max HP/turn, 3t.",-,+30% damage vs Beast targets (warm hosts preferred).,The bite lingers a beat too long — something is left behind.
M-DEVOUT-1,DEVOUT,1,Prayer Strike,30,40,50,0,Damage only.,As Stage 3 with reduced magnitudes (~80% of listed values).,Damage; +20% more if user acted before the target this turn.,-,-,Forelimbs unfold from the prayer pose already mid-strike.
M-DEVOUT-2,DEVOUT,2,Between Blinks,0,0,0,2,Next hit taken -30%.,As Stage 3 with reduced magnitudes (~80% of listed values).,Next hit taken -50%.,-,-,You blink. It is somewhere else. You did not see it move.
M-DEVOUT-3,DEVOUT,3,Silent Grace,0,0,0,2,"Self +1 Speed stage, 1t.",As Stage 3 with reduced magnitudes (~80% of listed values).,"Self +1 Speed stage, 2t.","Fey allies gain +1 Speed stage, 1t.",-,The mantis bows; the air forgets to carry its sound.
M-DEVOUT-4,DEVOUT,4,Answered Prayer,95,130,160,4,Damage; +20% vs buffed.,As Stage 3 with reduced magnitudes (~80% of listed values).,Damage; +40% more vs targets with any active buff.,-,-,"Both scythe-arms descend in perfect symmetry, like a benediction."
M-LOCUST-1,LOCUST,1,Devour,30,40,50,0,Damage.,Damage.,Damage.,-,-,A mouthful of the target simply ceases to be there.
M-LOCUST-2,LOCUST,2,Strip Field,50,65,80,1,Damage only.,As Stage 3 with reduced magnitudes (~80% of listed values).,"Damage; Famine: target -10% Offense, 2t.",-,-,Everything green in a metre radius vanishes mid-swing.
M-LOCUST-3,LOCUST,3,Swarm Surge,70,95,120,2,Damage as 3 hits.,As Stage 3 with reduced magnitudes (~80% of listed values).,Damage as 4 hits.,-,-,The single drone blurs into a local cloud of itself.
M-LOCUST-4,LOCUST,4,The Swarm Descends,95,130,160,4,Damage; +10% per Insect ally.,As Stage 3 with reduced magnitudes (~80% of listed values).,Damage; +25% more per Insect ally on the team.,(This move IS the synergy: scales with Insect allies.),-,The sky grains over; the sound arrives before the darkness does.
M-VESPERA-1,VESPERA,1,Sting,30,40,50,0,Damage only.,As Stage 3 with reduced magnitudes (~80% of listed values).,"Damage; Venom Bloom: 3% max HP/turn, 2t.",-,-,A surgical sting; the puncture blooms dark immediately.
M-VESPERA-2,VESPERA,2,Queen's Decree,0,0,0,2,"One ally +10% Offense, 2t.",As Stage 3 with reduced magnitudes (~80% of listed values).,"All allies +15% Offense, 2t.",Insect allies gain +30% Offense instead.,-,A pheromone shimmer rolls outward; allies' movements sharpen.
M-VESPERA-3,VESPERA,3,Spore Brood,0,0,0,2,"Hatching Spores: 3%/turn, 1t.",As Stage 3 with reduced magnitudes (~80% of listed values).,"Hatching Spores: 4% max HP/turn, 2t; if target has Venom Bloom, also -10% Defense, 2t.",-,-,"Fungal larvae seed the wound and begin, audibly, to grow."
M-VESPERA-4,VESPERA,4,Coronation Swarm,95,130,160,3,Damage; +20% vs DoT.,As Stage 3 with reduced magnitudes (~80% of listed values).,Damage; +40% more vs targets with any damage-over-time effect.,-,-,The half-fungal brood rises behind their queen and falls as one.
M-YGGDRASIL-1,YGGDRASIL,1,Root Grasp,30,40,50,0,Damage only.,As Stage 3 with reduced magnitudes (~80% of listed values).,"Damage; Held: target -1 Speed stage, 1t.",-,-,A root the width of a road closes around the target.
M-YGGDRASIL-2,YGGDRASIL,2,World-Root Aegis,0,0,0,3,"One ally takes -25% damage, 1t.",As Stage 3 with reduced magnitudes (~80% of listed values).,"All allies take -30% damage, 1t.",Floral allies take -45% damage instead.,-,Roots rise and weave a living palisade around the team.
M-YGGDRASIL-3,YGGDRASIL,3,Sap of Ages,0,0,0,3,Heal one ally 20% max HP.,As Stage 3 with reduced magnitudes (~80% of listed values).,Heal one ally 30% max HP.,-,-,Golden sap beads from the bark and runs uphill to the wounded.
M-YGGDRASIL-4,YGGDRASIL,4,The Deep Roots Rise,70,95,120,4,"Damage; Worldbind: -1 Speed stage, 1t.",As Stage 3 with reduced magnitudes (~80% of listed values).,"Damage; Worldbind: target -2 Speed stages and -15% Defense, 2t.",-,+30% damage vs Undead targets (what feeds on life resents unlife).,The visible trunk is still. Everything else in the ground is not.
M-CLIFFPINCER-1,CLIFFPINCER,1,Pincer Crush,50,65,80,0,Damage.,Damage.,Damage.,-,-,A claw the colour of the cliff closes with a hydraulic crunch.
M-CLIFFPINCER-2,CLIFFPINCER,2,Stonecling,0,0,0,2,"+25% Defense (self, 2t).",As Stage 3 with reduced magnitudes (~80% of listed values).,"+35% Defense (self, 2t).",-,-,The crab flattens against rock and becomes indistinguishable from it.
M-CLIFFPINCER-3,CLIFFPINCER,3,Drop Ambush,70,95,120,2,Damage; +20% counter bonus.,As Stage 3 with reduced magnitudes (~80% of listed values).,Damage; +40% more if the target acted before the user this turn.,-,-,It lets go of the cliff. Gravity does the aiming.
M-CLIFFPINCER-4,CLIFFPINCER,4,Sheer Face Slam,95,130,160,4,"Damage; Cracked Carapace: -10%, 1t.",As Stage 3 with reduced magnitudes (~80% of listed values).,"Damage; Cracked Carapace: target -15% Defense, 2t.",-,-,The crab rides a slab of falling cliff-face into the target.
M-CRUSHMAUL-1,CRUSHMAUL,1,Roll Over,30,40,50,0,Damage.,Damage.,Damage.,-,-,"A short, brutal roll straight across the target."
M-CRUSHMAUL-2,CRUSHMAUL,2,Spikeball,0,0,0,2,+20% Defense; no reflect.,As Stage 3 with reduced magnitudes (~80% of listed values).,"+30% Defense (self, 2t); attackers take 10% of their damage back.",-,-,The pillbug locks into a sphere of interlocking spikes.
M-CRUSHMAUL-3,CRUSHMAUL,3,Momentum Crash,70,95,120,2,Damage only.,As Stage 3 with reduced magnitudes (~80% of listed values).,Damage; +30% more if Spikeball was used last turn.,-,-,The spiked sphere arrives at full downhill speed.
M-CRUSHMAUL-4,CRUSHMAUL,4,Juggernaut Roll,95,130,160,3,Damage; Flattened 1t.,As Stage 3 with reduced magnitudes (~80% of listed values).,"Damage; Flattened: target -10% Offense, 2t.",-,-,"It circles the arena once, gathering speed, then stops using the target."
M-SLAGWORM-1,SLAGWORM,1,Caustic Glide,30,40,50,0,Damage only.,As Stage 3 with reduced magnitudes (~80% of listed values).,"Damage; Slagtrail: target -5% Defense, 2t.",-,-,The slug slides across the target; the path smokes.
M-SLAGWORM-2,SLAGWORM,2,Dissolve Stone,0,0,0,2,"Liquefied Armor: -10%, 1t.",As Stage 3 with reduced magnitudes (~80% of listed values).,"Liquefied Armor: target -20% Defense, 2t.",-,-,A concentrated spit; solid surfaces run like candle wax.
M-SLAGWORM-3,SLAGWORM,3,Molten Mucus,0,0,0,2,Mired: 1t.,As Stage 3 with reduced magnitudes (~80% of listed values).,"Mired: target -1 Speed stage, 2t.","Ooze allies gain +15% Defense, 2t.",-,A pool of glowing slime spreads beneath the target.
M-SLAGWORM-4,SLAGWORM,4,Consume Bedrock,50,65,80,3,Damage; +15% Defense.,As Stage 3 with reduced magnitudes (~80% of listed values).,"Damage; user +25% Defense, 2t (eats and wears the stone).",-,+45% damage vs Construct targets (it digests architecture).,The worm takes a bite out of the world and armors itself with it.
M-RIDGEDRAKE-1,RIDGEDRAKE,1,Talon Rake,30,40,50,0,Damage.,Damage.,Damage.,-,-,A gliding pass; four parallel lines open on the target.
M-RIDGEDRAKE-2,RIDGEDRAKE,2,Updraft,0,0,0,2,"Self +10% Offense, 2t.",As Stage 3 with reduced magnitudes (~80% of listed values).,"Self +1 Speed stage, 1t; +20% Offense, 2t.",-,-,Wings catch a thermal; the drake hangs higher than it should.
M-RIDGEDRAKE-3,RIDGEDRAKE,3,Furnace Breath,70,95,120,2,"Damage; Seared: 3%/turn, 1t.",As Stage 3 with reduced magnitudes (~80% of listed values).,"Damage; Seared: 4% max HP/turn, 2t.",-,-,"A cone of superheated air — no flame, just distortion and blistering."
M-RIDGEDRAKE-4,RIDGEDRAKE,4,Cragfire Dive,95,130,160,3,Damage.,Damage.,Damage.,-,+35% damage vs Arthropod targets (it cooks shellfish on the rocks).,"A vertical stoop trailing heat-shimmer, pulling up at the last metre."
M-STONECALLER-1,STONECALLER,1,Scornful Backhand,30,40,50,0,Damage.,Damage.,Damage.,-,-,A dismissive sweep of one ore-crusted claw.
M-STONECALLER-2,STONECALLER,2,Decree of Stone,0,0,0,2,"Edict: -1 Speed stage, 1t.",As Stage 3 with reduced magnitudes (~80% of listed values).,"Petrifying Edict: target -1 Speed stage and -10% Offense, 2t.",-,-,The Despot points; grey creeps over the target's joints.
M-STONECALLER-3,STONECALLER,3,Court of Rock,0,0,0,2,"One ally +15% Defense, 2t.",As Stage 3 with reduced magnitudes (~80% of listed values).,"All allies +20% Defense, 2t.",Construct and Arthropod allies gain +35% Defense instead.,-,"Pillars of stone rise in a half-circle behind the team, like thrones."
M-STONECALLER-4,STONECALLER,4,Tyrant's Verdict,70,95,120,3,Damage; +20% vs slowed.,As Stage 3 with reduced magnitudes (~80% of listed values).,Damage; +40% more vs targets with a reduced Speed stage.,-,-,Both claws slam down in judgment; the ground cracks in a sunburst.
M-SANGLEECH-1,SANGLEECH,1,Tap Vein,30,40,50,0,Damage; heals 15%.,As Stage 3 with reduced magnitudes (~80% of listed values).,Damage; user heals 30% of damage dealt.,-,-,A discreet puncture; a red thread runs back along the leech.
M-SANGLEECH-2,SANGLEECH,2,Crimson Tithe,50,65,80,1,Damage; heals 25%.,As Stage 3 with reduced magnitudes (~80% of listed values).,Damage; user heals 50% of damage dealt.,-,-,"The monarch feeds openly now, crown-marks flushing bright."
M-SANGLEECH-3,SANGLEECH,3,Anticoagulant,0,0,0,2,"Thin Blood: 3%/turn, 1t; no heal reduction.",As Stage 3 with reduced magnitudes (~80% of listed values).,"Thin Blood: 4% max HP/turn, 2t; target's healing received -50%, 2t.",-,-,A clear secretion; the target's smallest wounds refuse to close.
M-SANGLEECH-4,SANGLEECH,4,Exsanguinate,95,130,160,4,Damage; heals 25%; +20% vs Thin Blood.,As Stage 3 with reduced magnitudes (~80% of listed values).,Damage; user heals 50% of damage dealt; +40% more vs targets with Thin Blood.,-,-,The Sanguinarch swells visibly as the target pales.
M-CRAGGERNAUT-1,CRAGGERNAUT,1,Colony Slam,50,65,80,0,Damage.,Damage.,Damage.,-,-,A dozen fused claws strike as one fist.
M-CRAGGERNAUT-2,CRAGGERNAUT,2,Fuse Ranks,0,0,0,2,"+25% Defense (self, 2t).",As Stage 3 with reduced magnitudes (~80% of listed values).,"+35% Defense (self, 2t); cleanse 1 debuff.",-,-,The colony grinds tighter; gaps between individuals vanish.
M-CRAGGERNAUT-3,CRAGGERNAUT,3,Multitude Grip,50,65,80,1,Damage; Held Fast 1t.,As Stage 3 with reduced magnitudes (~80% of listed values).,"Damage; Held Fast: target -1 Speed stage, 2t.",-,-,Small claws by the score close on every available edge of the target.
M-CRAGGERNAUT-4,CRAGGERNAUT,4,Tidal Wall of Claws,95,130,160,4,Damage as 3 hits.,As Stage 3 with reduced magnitudes (~80% of listed values).,Damage as 5 hits.,-,-,The colony briefly un-fuses into a crashing wave of separate bodies.
M-VOIDSHELL-1,VOIDSHELL,1,Nullpinch,30,40,50,0,Damage.,As Stage 3 with reduced magnitudes (~80% of listed values).,Damage; ignores 15% of target Defense.,-,-,The claw is a claw-shaped absence; the cut has no edge.
M-VOIDSHELL-2,VOIDSHELL,2,Lightless Carapace,0,0,0,2,"Dimmed: -10%, 1t.",As Stage 3 with reduced magnitudes (~80% of listed values).,"The next creature to hit the user gains Dimmed: -10% Offense, 2t.","Void allies gain +10% Defense, 2t.",-,The shell drinks the arena's light; shadows bend toward it.
M-VOIDSHELL-3,VOIDSHELL,3,Absent Sting,70,95,120,2,"Damage; Unmade Spot: -10%, 1t.",As Stage 3 with reduced magnitudes (~80% of listed values).,"Damage; Unmade Spot: target -15% Defense, 2t.",-,-,The tail strikes; where it lands there is briefly nothing at all.
M-VOIDSHELL-4,VOIDSHELL,4,Swallow Light,95,130,160,4,Damage.,Damage.,Damage.,-,+40% damage vs Spectral targets (light-things drown in it).,The arena goes dark for one beat. The damage is already done.
M-TALOS-1,TALOS,1,Iron Backfist,50,65,80,0,Damage.,Damage.,Damage.,-,-,An ore-plated limb swings with foundry weight.
M-TALOS-2,TALOS,2,Ore-Bound Bulk,0,0,0,2,+20% Defense; no reflect.,As Stage 3 with reduced magnitudes (~80% of listed values).,"+30% Defense (self, 2t); attackers take 10% of their damage back.",-,-,Iron veins across the shell glow faintly and thicken.
M-TALOS-3,TALOS,3,Foundry Guard,0,0,0,2,"-20%, 1t.",As Stage 3 with reduced magnitudes (~80% of listed values).,"One ally takes -30% damage, 1t.",Construct allies take -45% damage instead.,-,The titan plants itself before the ally like a closing gate.
M-TALOS-4,TALOS,4,Titan's Downstroke,95,130,160,3,"Damage; Dented: -10%, 1t.",As Stage 3 with reduced magnitudes (~80% of listed values).,"Damage; Dented: target -15% Defense, 2t.",-,+35% damage vs Dragon targets (titans were made for this).,Both fused claws rise past vertical and fall like a forge hammer.
M-MAGMACRAWLER-1,MAGMACRAWLER,1,Obsidian Edge,50,65,80,0,Damage only.,As Stage 3 with reduced magnitudes (~80% of listed values).,"Damage; Glasscut: target bleeds 3% max HP/turn, 2t.",-,-,A limb of cooling glass opens a seam that glows at the edges.
M-MAGMACRAWLER-2,MAGMACRAWLER,2,Magma Vent,70,95,120,2,"Damage; Molten Coat: -10% Defense, 1t.",As Stage 3 with reduced magnitudes (~80% of listed values).,"Damage; Molten Coat: target -10% Defense and 3% max HP/turn, 2t.",-,-,A carapace seam splits; liquid rock jets across the target.
M-MAGMACRAWLER-3,MAGMACRAWLER,3,Cooling Shell,0,0,0,2,"+20% Defense (self, 2t).",As Stage 3 with reduced magnitudes (~80% of listed values).,"+30% Defense (self, 2t); +15% Offense next turn.",-,-,The surface blackens and crazes; heat banks deeper inside.
M-MAGMACRAWLER-4,MAGMACRAWLER,4,Eruption,95,130,160,4,"Damage; Pyroclast: 3%/turn, 1t.",As Stage 3 with reduced magnitudes (~80% of listed values).,"Damage; Pyroclast: 5% max HP/turn, 2t.",-,+40% damage vs Insect targets (swarms burn first).,The crawler's back opens like a caldera; the arena rains fire.
M-GUSTWING-1,GUSTWING,1,Wind Shear,30,40,50,0,Damage only.,As Stage 3 with reduced magnitudes (~80% of listed values).,Damage; +20% more if user acted before the target this turn.,-,-,A wingbeat leaves a visible blade of compressed air.
M-GUSTWING-2,GUSTWING,2,Tailwind,0,0,0,2,"One ally +1 Speed stage, 1t.",As Stage 3 with reduced magnitudes (~80% of listed values).,"All allies +1 Speed stage, 1t.",Avian allies gain +1 Speed stage for 2t instead.,-,"A ribbon of wind curls around the team, lifting feathers and dust."
M-GUSTWING-3,GUSTWING,3,Scissor Dive,70,95,120,2,Damage only.,As Stage 3 with reduced magnitudes (~80% of listed values).,"Damage; Cutting Gale: target bleeds 3% max HP/turn, 2t.",-,-,Two crossing dive-passes leave an X of parted air.
M-GUSTWING-4,GUSTWING,4,Sky Lacerate,95,130,160,3,Damage; +20% speed bonus.,As Stage 3 with reduced magnitudes (~80% of listed values).,Damage; +40% more if user's Speed is higher than the target's.,-,-,The bird vanishes upward; the sky itself seems to slice downward.
M-STORMCROW-1,STORMCROW,1,Static Peck,30,40,50,0,Damage only.,As Stage 3 with reduced magnitudes (~80% of listed values).,Damage; Charged: the next hit against the target deals +15% more.,-,-,A peck that leaves a crawling blue spark behind.
M-STORMCROW-2,STORMCROW,2,Thundercall,0,0,0,2,"Self +10% Offense, 1t.",As Stage 3 with reduced magnitudes (~80% of listed values).,"Self +10% Offense, 2t.","Elemental allies gain +25% Offense, 2t.",-,The crow spreads its wings; distant thunder answers on cue.
M-STORMCROW-3,STORMCROW,3,Ball Lightning,50,65,80,1,Damage only.,As Stage 3 with reduced magnitudes (~80% of listed values).,"Damage; Galvanic Jolt: target -1 Speed stage, 1t.",-,-,"A slow, wandering sphere of light that detonates on contact."
M-STORMCROW-4,STORMCROW,4,Stormcrown,70,95,120,3,Damage; +25% vs Charged.,As Stage 3 with reduced magnitudes (~80% of listed values).,Damage; +50% more vs targets with Charged.,-,-,"Every spark on the field leaps to the crow's brow, then to the target."
M-THUNDERMOTH-1,THUNDERMOTH,1,Dust Zap,30,40,50,0,Damage.,Damage.,Damage.,-,-,Glittering wing-dust ignites in a crackling flash.
M-THUNDERMOTH-2,THUNDERMOTH,2,EM Pulse,0,0,0,2,"Scrambled: -10%, 1t.",As Stage 3 with reduced magnitudes (~80% of listed values).,"Scrambled: target -15% Offense, 2t.",-,Duration doubled vs Construct targets (their workings seize).,The moth's wings pulse once; the air hums wrong.
M-THUNDERMOTH-3,THUNDERMOTH,3,Magnet Wings,0,0,0,2,Next hit taken -25%.,As Stage 3 with reduced magnitudes (~80% of listed values).,Next 2 hits taken -25%.,-,-,Incoming force visibly curves away from the wings' field.
M-THUNDERMOTH-4,THUNDERMOTH,4,Overload Flash,50,65,80,3,"Damage; Whiteout: -10%, 1t.",As Stage 3 with reduced magnitudes (~80% of listed values).,"Damage; Whiteout: target -20% Offense, 1t.",-,-,One blinding discharge; afterimages of the wing pattern hang in the air.
M-ROC-1,ROC,1,Talon Snatch,30,40,50,0,Damage.,Damage.,Damage.,-,-,Talons the size of gates close and release.
M-ROC-2,ROC,2,Boulder Drop,70,95,120,2,"Damage; Crushed: -10%, 1t.",As Stage 3 with reduced magnitudes (~80% of listed values).,"Damage; Crushed: target -10% Defense, 2t.",-,-,A shadow grows; the boulder arrives from higher than seems fair.
M-ROC-3,ROC,3,Hunting Stoop,50,65,80,1,Damage; +15% first-strike.,As Stage 3 with reduced magnitudes (~80% of listed values).,Damage; +30% more if user acted before the target this turn.,-,-,A folded-wing dive that flattens grass in a widening ring.
M-ROC-4,ROC,4,Mountain-Bearer,95,130,160,4,Damage; Flattened 1t.,As Stage 3 with reduced magnitudes (~80% of listed values).,"Damage; Flattened: target -1 Speed stage, 2t.",-,+30% damage vs Serpent targets (the old war of eagle and snake).,Not a boulder this time — a piece of the peak itself.
M-GALEHOWL-1,GALEHOWL,1,Keening Bite,30,40,50,0,Damage.,Damage.,Damage.,-,-,The wolf-jaws close; the howl continues through the bite.
M-GALEHOWL-2,GALEHOWL,2,Tornado Howl,0,0,0,2,"Spun: -1 Speed stage, 1t.",As Stage 3 with reduced magnitudes (~80% of listed values).,"Spun: target -1 Speed stage and -10% Offense, 2t.",-,-,The howl becomes a visible funnel that walks toward the target.
M-GALEHOWL-3,GALEHOWL,3,Eye of the Funnel,0,0,0,2,-20%.,As Stage 3 with reduced magnitudes (~80% of listed values).,One ally's next hit taken -30%.,Avian allies get -45% instead.,-,A ring of calm air settles around the ally; debris orbits it.
M-GALEHOWL-4,GALEHOWL,4,Twisterfang,70,95,120,3,Damage; +20% vs Spun.,As Stage 3 with reduced magnitudes (~80% of listed values).,Damage; +40% more vs targets with Spun.,-,-,The chimera rides its own tornado down onto the target.
M-VOLTMANTLE-1,VOLTMANTLE,1,Volt Graze,30,40,50,0,Damage only.,As Stage 3 with reduced magnitudes (~80% of listed values).,Damage; +20% more if user acted before the target this turn.,-,-,A gliding pass; a single arc snaps from wingtip to target.
M-VOLTMANTLE-2,VOLTMANTLE,2,Thermal Ride,0,0,0,1,"Self +1 Speed stage, 1t.",As Stage 3 with reduced magnitudes (~80% of listed values).,"Self +1 Speed stage, 2t.",-,-,The ray banks into an unseen column of rising air.
M-VOLTMANTLE-3,VOLTMANTLE,3,Discharge Sweep,70,95,120,2,Damage only.,As Stage 3 with reduced magnitudes (~80% of listed values).,"Damage; Grounded Twitch: target -1 Speed stage, 1t.",-,-,A low pass trailing a curtain of arcing current.
M-VOLTMANTLE-4,VOLTMANTLE,4,Megavolt Delivery,95,130,160,3,Damage.,Damage.,Damage.,-,+40% damage vs Aquatic targets (water conducts).,The mantle glows white and grounds its entire charge through the target.
M-COUATL-1,COUATL,1,Plume Strike,30,40,50,0,Damage.,Damage.,Damage.,-,-,A feathered coil lashes out of a cloudbank.
M-COUATL-2,COUATL,2,Cloudcoil,0,0,0,2,"Self +10% Offense, 2t.",As Stage 3 with reduced magnitudes (~80% of listed values).,"Self +20% Offense, 2t; next hit taken -20%.",-,-,The serpent winds itself in cloud until only colours show through.
M-COUATL-3,COUATL,3,Feathered Lightning,70,95,120,2,Damage as 2 hits (reduced).,As Stage 3 with reduced magnitudes (~80% of listed values).,Damage as 2 hits.,-,-,"Two strikes from two directions, trailing rainbow after-glare."
M-COUATL-4,COUATL,4,Sky Serpent's Verdict,95,130,160,3,Damage.,Damage.,Damage.,-,+35% damage vs Reptile targets (the sky-serpent scorns the crawling kind).,The clouds part in a spiral; the couatl descends the middle of it.
M-TYPHON-1,TYPHON,1,Storm Maw,50,65,80,0,Damage.,Damage.,Damage.,-,-,The dragon's mouth opens on rotating winds.
M-TYPHON-2,TYPHON,2,Pressure Front,0,0,0,2,"Lowpressure: -10% Defense, 1t.",As Stage 3 with reduced magnitudes (~80% of listed values).,"Lowpressure: target -10% Defense and -10% Offense, 2t.",-,-,Ears pop; the light goes storm-green around the target.
M-TYPHON-3,TYPHON,3,Cyclone Shield,0,0,0,2,+20% Defense; no reflect.,As Stage 3 with reduced magnitudes (~80% of listed values).,"+30% Defense (self, 2t); attackers take 10% of their damage back.",-,-,The tempest tightens around the dragon into a visible wall.
M-TYPHON-4,TYPHON,4,Hundred-Headed Storm,95,130,160,4,"Damage as 3 hits, no rider.",As Stage 3 with reduced magnitudes (~80% of listed values).,Damage as 4 hits; each applies 1t of Lowpressure.,-,-,"Funnel clouds descend like striking heads, one after another."
M-ANZU-1,ANZU,1,First Wind,30,40,50,0,Damage; +15% first-strike.,As Stage 3 with reduced magnitudes (~80% of listed values).,Damage; +25% more if user acted before the target this turn.,-,-,The strike lands before the wingbeat is heard.
M-ANZU-2,ANZU,2,Unbroken Gale,0,0,0,2,"One ally +1 Speed stage, 1t.",As Stage 3 with reduced magnitudes (~80% of listed values).,"All allies +1 Speed stage, 2t; self +2 Speed stages, 1t.",-,-,The gale that has never stopped bends to pass through the team.
M-ANZU-3,ANZU,3,Stormfeather Volley,50,65,80,1,Damage as 2 hits.,As Stage 3 with reduced magnitudes (~80% of listed values).,Damage as 3 hits; each +10% more if user acted before the target.,-,-,Feathers leave the impossible wings like thrown knives.
M-ANZU-4,ANZU,4,The Wind That Was First,95,130,160,4,"Damage; Tempo Theft: -1 stage, 1t.",As Stage 3 with reduced magnitudes (~80% of listed values).,"Damage; Tempo Theft: target -2 Speed stages, 2t; self +1 Speed stage, 2t.",-,-,For a moment all wind everywhere blows from one direction: Anzu's.
M-STORMFATHER-1,STORMFATHER,1,Thunder Rake,50,65,80,0,Damage.,Damage.,Damage.,-,-,Claws of the storm-merged dragon trail forked light.
M-STORMFATHER-2,STORMFATHER,2,Stormcall,0,0,0,2,"Self +15% Offense, 2t.",As Stage 3 with reduced magnitudes (~80% of listed values).,"Self +25% Offense, 2t.","Elemental and Dragon allies gain +15% Offense, 2t.",-,The permanent storm above deepens and leans toward the field.
M-STORMFATHER-3,STORMFATHER,3,Lightning Spear,70,95,120,2,Damage; ignores 10%.,As Stage 3 with reduced magnitudes (~80% of listed values).,Damage; ignores 20% of target Defense.,-,-,"A single bolt held in the claw like a javelin, then thrown."
M-STORMFATHER-4,STORMFATHER,4,I Am the Storm,95,130,160,4,"Damage; Struck Twice: 3%/turn, 1t.",As Stage 3 with reduced magnitudes (~80% of listed values).,"Damage; Struck Twice: 5% max HP/turn, 2t; target -1 Speed stage, 1t.",-,+30% damage vs Construct targets (tall things draw lightning).,The dragon dissolves into the stormfront; the stormfront attacks.
M-BOGHOPPER-1,BOGHOPPER,1,Bounce Slam,30,40,50,0,Damage.,Damage.,Damage.,-,-,The toad arcs up and lands seat-first on the target.
M-BOGHOPPER-2,BOGHOPPER,2,Inflate,0,0,0,2,"+25% Defense (self, 2t).",As Stage 3 with reduced magnitudes (~80% of listed values).,"+35% Defense (self, 2t).",-,-,"The toad swells into a taut, quivering sphere."
M-BOGHOPPER-3,BOGHOPPER,3,Launch Ball,70,95,120,2,"Damage; +20%, consumes buff.",As Stage 3 with reduced magnitudes (~80% of listed values).,Damage; +40% more if user has an active Defense buff — consumes it.,-,-,The inflated ball fires itself like a released cork.
M-BOGHOPPER-4,BOGHOPPER,4,Gutwater Burst,50,65,80,3,"Damage; Fouled: -10%, 1t.",As Stage 3 with reduced magnitudes (~80% of listed values).,"Damage; Fouled: target -15% Offense, 2t.",-,-,The toad vents swallowed bogwater in a rancid pressure-jet.
M-MIRENEWT-1,MIRENEWT,1,Slick Strike,30,40,50,0,Damage.,Damage.,Damage.,-,-,"A whip of the glistening tail, gone before the spray lands."
M-MIRENEWT-2,MIRENEWT,2,Hallucinogen Coat,0,0,0,2,"Wyrd Visions: -10%, 1t.",As Stage 3 with reduced magnitudes (~80% of listed values).,"Wyrd Visions: target -20% Offense, 2t.",-,-,The target's pupils bloom; it flinches at things that are not there.
M-MIRENEWT-3,MIRENEWT,3,Skinshed,0,0,0,2,Cleanse 1 debuff.,As Stage 3 with reduced magnitudes (~80% of listed values).,"Cleanse all self debuffs; +1 Speed stage, 1t.",-,-,"The newt slides out of its own skin, leaving troubles in the husk."
M-MIRENEWT-4,MIRENEWT,4,Fever Dream,50,65,80,3,Damage; +25% vs Wyrd Visions.,As Stage 3 with reduced magnitudes (~80% of listed values).,Damage; +50% more vs targets with Wyrd Visions.,-,-,The bog warps kaleidoscopically around the target as the hit lands.
M-ROTFLY-1,ROTFLY,1,Corpse Nip,30,40,50,0,Damage.,Damage.,Damage.,-,-,A quick bite that smells worse than it looks.
M-ROTFLY-2,ROTFLY,2,Plague Eggs,0,0,0,2,"Larval Rot: 3%/turn, 1t.",As Stage 3 with reduced magnitudes (~80% of listed values).,"Larval Rot: 4% max HP/turn, 2t.",-,-,A clutch of pale eggs deposited in one pass; they do not stay eggs.
M-ROTFLY-3,ROTFLY,3,Reanimating Sting,50,65,80,1,Damage.,Damage.,Damage.,"Undead allies gain +20% Offense, 2t when this hits.",-,The sting glows faint green; nearby dead things twitch.
M-ROTFLY-4,ROTFLY,4,Blightswarm,70,95,120,3,Damage; Larval Rot 2t.,As Stage 3 with reduced magnitudes (~80% of listed values).,"Damage; Larval Rot: 4% max HP/turn, 3t.",-,+30% damage vs Beast targets (flesh is the medium).,The fly multiplies into a droning column that passes through the target.
M-LICHFROG-1,LICHFROG,1,Bonetongue,30,40,50,0,Damage.,Damage.,Damage.,-,-,A tongue of vertebrae lashes out and retracts.
M-LICHFROG-2,LICHFROG,2,Bog Benediction,0,0,0,3,Heal one ally 15% max HP.,As Stage 3 with reduced magnitudes (~80% of listed values).,Heal one ally 25% max HP.,Undead and Amphibian allies are healed 10% more.,-,Marsh-light gathers in the frog's ribcage and pours over the ally.
M-LICHFROG-3,LICHFROG,3,Deathcroak,0,0,0,2,"Grave Chill: -10% Offense, 1t.",As Stage 3 with reduced magnitudes (~80% of listed values).,"Grave Chill: target -10% Offense and -1 Speed stage, 2t.",-,-,A croak from a throat that no longer needs air; frost rims the water.
M-LICHFROG-4,LICHFROG,4,Stitchflesh,70,95,120,3,Damage; heals 10%.,As Stage 3 with reduced magnitudes (~80% of listed values).,Damage; user heals 20% of damage dealt.,-,-,Threads of bog-magic sew stolen vigor into the frog's open wounds.
M-WISPMAW-1,WISPMAW,1,Lure Flick,30,40,50,0,Damage.,Damage.,Damage.,-,-,The glowing lure snaps forward like a fishing cast.
M-WISPMAW-2,WISPMAW,2,Mesmer Light,0,0,0,2,"Transfixed: -1 stage, 1t.",As Stage 3 with reduced magnitudes (~80% of listed values).,"Transfixed: target -2 Speed stages, 2t.",-,Duration doubled vs Insect targets (light draws them).,The lure pulses in a rhythm the target's eyes cannot leave.
M-WISPMAW-3,WISPMAW,3,Glowfeast,50,65,80,2,Damage; +20% vs Transfixed.,As Stage 3 with reduced magnitudes (~80% of listed values).,Damage; +45% more vs targets with Transfixed.,-,-,The maw opens beneath the light the target was watching.
M-WISPMAW-4,WISPMAW,4,Lantern of the Lost,0,0,0,3,"Transfixed only, 1t.",As Stage 3 with reduced magnitudes (~80% of listed values).,"Transfixed: -2 Speed stages, 2t; target -15% Offense, 2t.",-,-,"Dozens of false lights kindle across the bog, all leading nowhere good."
M-GRENDEL-1,GRENDEL,1,Marsh Maul,50,65,80,0,Damage.,Damage.,Damage.,-,-,A mud-slick forearm swats with hippo weight.
M-GRENDEL-2,GRENDEL,2,Parasite Shrug,0,0,0,2,Cleanse 1 self debuff (no transfer).,As Stage 3 with reduced magnitudes (~80% of listed values).,Transfer 1 debuff from self to the target.,-,-,The flank-parasites migrate off Grendel and onto someone else.
M-GRENDEL-3,GRENDEL,3,Bog Lurk,0,0,0,2,"+20% Defense (self, 2t).",As Stage 3 with reduced magnitudes (~80% of listed values).,"+30% Defense (self, 2t); user's next attack deals +30% more.",-,-,Grendel sinks to eye-level in the mire and goes still.
M-GRENDEL-4,GRENDEL,4,Fenbreaker,95,130,160,3,Damage; Bogged 1t.,As Stage 3 with reduced magnitudes (~80% of listed values).,"Damage; Bogged: target -1 Speed stage, 2t.",-,-,"The salamander erupts from below, dragging half the fen with it."
M-DRAUGR-1,DRAUGR,1,Cold Grip,30,40,50,0,Damage only.,As Stage 3 with reduced magnitudes (~80% of listed values).,"Damage; Chilled: target -1 Speed stage, 1t.",-,-,A waterlogged hand closes; the cold spreads from its print.
M-DRAUGR-2,DRAUGR,2,Half-Here,0,0,0,2,Next hit taken -25%.,As Stage 3 with reduced magnitudes (~80% of listed values).,Next 2 hits taken -35%.,-,-,The draugr thins to a suggestion; the bog shows through it.
M-DRAUGR-3,DRAUGR,3,Drowned Memory,0,0,0,2,"Weight: -10%, 1t.",As Stage 3 with reduced magnitudes (~80% of listed values).,"Weight of Water: target -15% Offense, 2t.",-,-,The target's limbs move as if underwater; bubbles rise from dry ground.
M-DRAUGR-4,DRAUGR,4,Take You Under,70,95,120,4,Damage; +20% vs slowed.,As Stage 3 with reduced magnitudes (~80% of listed values).,Damage; +40% more vs targets with a reduced Speed stage.,-,+30% damage vs Beast targets (the drowned envy the breathing).,Hands — many more than two — reach up from the waterline.
M-GALLOWVINE-1,GALLOWVINE,1,Tendril Snap,30,40,50,0,Damage.,Damage.,Damage.,-,-,"A vine cracks like a whip, trailing grave-soil."
M-GALLOWVINE-2,GALLOWVINE,2,Puppet Corpse,0,0,0,2,"Self +10% Offense, 2t.",As Stage 3 with reduced magnitudes (~80% of listed values).,"Undead allies +25% Offense, 2t; if no Undead ally, self +15% Offense, 2t.",(This move IS the synergy: Undead-focused buff.),-,A vine-strung carcass rises and mimes the allies' stances.
M-GALLOWVINE-3,GALLOWVINE,3,Strangling Growth,50,65,80,1,Damage; Vinegrip 1t.,As Stage 3 with reduced magnitudes (~80% of listed values).,"Damage; Vinegrip: target -1 Speed stage, 2t.",-,-,Green shoots visibly lengthen as they wind up the target's legs.
M-GALLOWVINE-4,GALLOWVINE,4,Marionette Harvest,95,130,160,4,Damage; +20% vs Vinegrip.,As Stage 3 with reduced magnitudes (~80% of listed values).,Damage; +40% more vs targets with Vinegrip.,-,-,Every strung corpse on the vine-network pulls one string at once.
M-MIREMOTHER-1,MIREMOTHER,1,Brood Slap,30,40,50,0,Damage.,Damage.,Damage.,-,-,A webbed hand the size of a door pats the target flat.
M-MIREMOTHER-2,MIREMOTHER,2,Mother's Milk,0,0,0,3,Heal one ally 20% max HP.,As Stage 3 with reduced magnitudes (~80% of listed values).,Heal one ally 30% max HP.,Amphibian allies are healed 15% more.,-,Pale bog-milk wells up and closes over the ally like balm.
M-MIREMOTHER-3,MIREMOTHER,3,Spawn Tide,0,0,0,2,"One ally +10%/+10%, 1t.",As Stage 3 with reduced magnitudes (~80% of listed values).,"All allies +15% Offense and +15% Defense, 1t.",Horror allies gain +25%/+25% instead.,-,Ten thousand tadpole-things surface at once and push the team forward.
M-MIREMOTHER-4,MIREMOTHER,4,What Lies Beneath,95,130,160,4,"Damage; Dragged Down: -1 Speed stage, 1t.",As Stage 3 with reduced magnitudes (~80% of listed values).,"Damage; Dragged Down: target -2 Speed stages and -15% Defense, 2t.",-,-,The visible mother doesn't move. Something much larger under her does.
M-CENOTAPH-1,CENOTAPH,1,Absent Touch,30,40,50,0,Damage.,As Stage 3 with reduced magnitudes (~80% of listed values).,Damage; ignores 15% of target Defense.,-,-,The mist-figure's hand passes through armor as if it were rumor.
M-CENOTAPH-2,CENOTAPH,2,Unwritten,0,0,0,3,Remove 1 buff.,As Stage 3 with reduced magnitudes (~80% of listed values).,Remove all buffs from the target.,-,-,The figure gestures; the target's advantages simply stop having happened.
M-CENOTAPH-3,CENOTAPH,3,Mourning Veil,0,0,0,2,"One ally takes -20% damage, 1t.",As Stage 3 with reduced magnitudes (~80% of listed values).,"All allies take -25% damage, 1t.",Undead allies take -40% damage instead.,-,Grey mist thickens around the team into a standing shroud.
M-CENOTAPH-4,CENOTAPH,4,Nameless End,95,130,160,4,Damage; +25% vs buffless.,As Stage 3 with reduced magnitudes (~80% of listed values).,Damage; +50% more vs targets with no active buffs.,-,-,"The absence closes its hand. Where the target was brightest, nothing."
M-GLOOMCAP-1,GLOOMCAP,1,Cap Thump,30,40,50,0,Damage.,Damage.,Damage.,-,-,"The mushroom headbutts, cap-first, with a dull drumbeat."
M-GLOOMCAP-2,GLOOMCAP,2,Vertigo Spores,0,0,0,2,"Spinning: -1 Speed stage, 1t.",As Stage 3 with reduced magnitudes (~80% of listed values).,"Spinning: target -1 Speed stage and -10% Offense, 2t.",-,-,Motes drift up under the target's face; its footing goes wrong.
M-GLOOMCAP-3,GLOOMCAP,3,Mycowall,0,0,0,2,"+25% Defense (self, 2t).",As Stage 3 with reduced magnitudes (~80% of listed values).,"+35% Defense (self, 2t).","Fungal allies gain +15% Defense, 2t.",-,Shelf-fungus plates fan out of the cap in overlapping rows.
M-GLOOMCAP-4,GLOOMCAP,4,Sporefall,50,65,80,3,Damage; Spinning 1t.,As Stage 3 with reduced magnitudes (~80% of listed values).,"Damage; Spinning: -1 Speed stage and -10% Offense, 3t.",-,-,The cave ceiling releases a slow snowfall of glowing spores.
M-INKMANTLE-1,INKMANTLE,1,Tentacle Slap,30,40,50,0,Damage.,Damage.,Damage.,-,-,"A casual, heavy slap that leaves an ink handprint."
M-INKMANTLE-2,INKMANTLE,2,Lethean Ink,0,0,0,2,"Forgetting: -10% Offense, 1t.",As Stage 3 with reduced magnitudes (~80% of listed values).,"Forgetting: target -15% Offense, 2t; the target's buffs expire 1 turn sooner.",-,-,"Black ink that spreads upstream, against the current, toward the eyes."
M-INKMANTLE-3,INKMANTLE,3,Jet Retreat,0,0,0,2,"+25% Defense (self, 1t).",As Stage 3 with reduced magnitudes (~80% of listed values).,"+40% Defense (self, 1t); cleanse 1 debuff.",-,-,"One pulse of the mantle and the octopus is elsewhere, calmer."
M-INKMANTLE-4,INKMANTLE,4,Memory Flood,70,95,120,3,Damage; +20% vs Forgetting.,As Stage 3 with reduced magnitudes (~80% of listed values).,Damage; +40% more vs targets with Forgetting.,-,-,The ink cloud collapses inward; the target visibly loses the thread.
M-VEINMOLD-1,VEINMOLD,1,Spore Lash,30,40,50,0,Damage.,Damage.,Damage.,-,-,A fruiting tendril flicks a line of dust across the target.
M-VEINMOLD-2,VEINMOLD,2,Neural Threading,0,0,0,2,"Puppeted Nerves: -10% Offense, 1t.",As Stage 3 with reduced magnitudes (~80% of listed values).,"Puppeted Nerves: target -15% Offense and -1 Speed stage, 2t.",-,-,Fine white filaments crawl visibly under the target's skin.
M-VEINMOLD-3,VEINMOLD,3,Symbiotic Bloom,0,0,0,2,"One ally +10% Offense, 2t.",As Stage 3 with reduced magnitudes (~80% of listed values).,"One ally +20% Offense, 2t.",Fungal allies gain +35% Offense instead.,-,"A soft bracket of fungus flowers on the ally's shoulder, feeding it."
M-VEINMOLD-4,VEINMOLD,4,Total Colonization,50,65,80,4,Damage; Puppeted Nerves 1t.,As Stage 3 with reduced magnitudes (~80% of listed values).,"Damage; Puppeted Nerves: -15% Offense and -1 Speed stage, 3t.",-,+40% damage vs Insect targets (cordyceps knows the way in).,"The mold blooms from the target's own joints, moving them wrongly."
M-SIBYL-1,SIBYL,1,Shell Chime,30,40,50,0,Damage.,Damage.,Damage.,-,-,"The nautilus shell rings one clear, wrong-feeling note."
M-SIBYL-2,SIBYL,2,Glimpse the End,0,0,0,2,Foreseen: -20%.,As Stage 3 with reduced magnitudes (~80% of listed values).,Foreseen: the target's next attack deals -30% damage.,-,-,"The target sees, for an instant, exactly how this goes for it."
M-SIBYL-3,SIBYL,3,Prophecy Ward,0,0,0,2,-25%.,As Stage 3 with reduced magnitudes (~80% of listed values).,One ally's next hit taken -40%.,Spectral allies: the ward repeats once more.,-,"A spiral of faint futures winds around the ally, deflecting the worst one."
M-SIBYL-4,SIBYL,4,Inevitable Future,70,95,120,3,Damage; +20% vs Foreseen.,As Stage 3 with reduced magnitudes (~80% of listed values).,Damage; +40% more vs targets with Foreseen.,-,+30% damage vs Void targets (it has seen behind them).,The strike arrives exactly where the target was always going to be.
M-VERTIGO-1,VERTIGO,1,Jointed Lunge,30,40,50,0,Damage only.,As Stage 3 with reduced magnitudes (~80% of listed values).,Damage; +20% more if user acted before the target this turn.,-,-,Too many elbows unfold at once; the reach is wrong.
M-VERTIGO-2,VERTIGO,2,Wrong Angles,0,0,0,2,"Disoriented: -10%, 1t.",As Stage 3 with reduced magnitudes (~80% of listed values).,"Disoriented: target -15% Offense, 2t.","Aberration allies gain +15% Offense, 2t.",-,The crustacean walks a path the eye refuses to follow.
M-VERTIGO-3,VERTIGO,3,Skitterflank,70,95,120,2,Damage; ignores 10%.,As Stage 3 with reduced magnitudes (~80% of listed values).,Damage; ignores 20% of target Defense.,-,-,The strike comes from a direction that shouldn't have existed.
M-VERTIGO-4,VERTIGO,4,Unfolding Horror,95,130,160,3,Damage.,Damage.,Damage.,-,+35% damage vs Aquatic targets (apex of the drowned dark).,"The body opens like a puzzle-box of limbs, then closes on the target."
M-LAMPYRE-1,LAMPYRE,1,Traceflash,30,40,50,0,Damage.,Damage.,Damage.,-,-,A dotted line of light appears; the hit follows it.
M-LAMPYRE-2,LAMPYRE,2,Afterimage Trail,0,0,0,2,Next hit taken -20%.,As Stage 3 with reduced magnitudes (~80% of listed values).,"Next 2 hits taken -30%; self +1 Speed stage, 1t.",-,-,The glowing trail loops and doubles back; the body is not where it is.
M-LAMPYRE-3,LAMPYRE,3,Hypnotic Wake,0,0,0,2,"Trailbound: -1 stage, 1t.",As Stage 3 with reduced magnitudes (~80% of listed values).,"Trailbound: target -2 Speed stages, 1t.",-,-,The light-trail draws a slow spiral; the target's eyes follow it down.
M-LAMPYRE-4,LAMPYRE,4,Vanishing Strike,70,95,120,3,Damage; +20% first-strike.,As Stage 3 with reduced magnitudes (~80% of listed values).,Damage; +40% more if user acted before the target this turn.,-,+30% damage vs Aberration targets (it out-weirds them).,The trace-light goes out. The impact is the only proof of location.
M-SPOREWHALE-1,SPOREWHALE,1,Bulk Drift,30,40,50,0,Damage.,Damage.,Damage.,-,-,The whale-mass simply continues through the target's position.
M-SPOREWHALE-2,SPOREWHALE,2,Spore Ballast,0,0,0,2,"+25% Defense (self, 2t).",As Stage 3 with reduced magnitudes (~80% of listed values).,"+35% Defense (self, 2t).","Fungal allies gain +15% Defense, 2t.",-,"The body densifies, spore-layers packing like sediment."
M-SPOREWHALE-3,SPOREWHALE,3,Filter Cleanse,0,0,0,2,Cleanse 1 debuff.,As Stage 3 with reduced magnitudes (~80% of listed values).,One ally cleanses all debuffs.,-,-,The whale inhales the water around the ally; troubles go with it.
M-SPOREWHALE-4,SPOREWHALE,4,Breach of the Deep,95,130,160,4,Damage; Concussed 1t.,As Stage 3 with reduced magnitudes (~80% of listed values).,"Damage; Concussed: target -1 Speed stage, 2t.",-,+30% damage vs Parasite targets (it filters them out).,The fungal leviathan breaches in slow motion and falls forever.
M-RIFTANGLER-1,RIFTANGLER,1,Riftlure Snap,30,40,50,0,Damage.,Damage.,Damage.,-,-,The lure-hole dilates; the jaws arrive from inside it.
M-RIFTANGLER-2,RIFTANGLER,2,Bait the Hole,0,0,0,2,"Drawn In: -1 Speed stage, 1t.",As Stage 3 with reduced magnitudes (~80% of listed values).,"Drawn In: target -1 Speed stage, 2t; target takes +15% damage from the user, 2t.",-,-,"The hole in space drifts closer to the target, patiently."
M-RIFTANGLER-3,RIFTANGLER,3,Spacetooth,70,95,120,2,Damage; ignores 10%.,As Stage 3 with reduced magnitudes (~80% of listed values).,Damage; ignores 25% of target Defense.,-,-,"The bite closes through the target, armor and all, via somewhere else."
M-RIFTANGLER-4,RIFTANGLER,4,Where It Goes,95,130,160,4,Damage; +25% vs Drawn In.,As Stage 3 with reduced magnitudes (~80% of listed values).,Damage; +50% more vs targets with Drawn In.,-,+30% damage vs Fey targets (glamour cannot map the hole).,For one frame the target is half through the lure-hole. Then the frame ends.
M-MYCELIUM-1,MYCELIUM,1,Hyphal Sting,30,40,50,0,Damage.,Damage.,Damage.,-,-,A single thread rises from the floor and pricks like a needle.
M-MYCELIUM-2,MYCELIUM,2,The Network Provides,0,0,0,3,Heal one ally 20% max HP.,As Stage 3 with reduced magnitudes (~80% of listed values).,Heal one ally 30% max HP.,Fungal allies are healed 15% more.,-,"Threads surface beneath the ally, delivering what was needed."
M-MYCELIUM-3,MYCELIUM,3,Rot and Renew,0,0,0,2,"Decomposing: -10%, 1t.",As Stage 3 with reduced magnitudes (~80% of listed values).,"Decomposing: target -15% Defense, 2t; one ally +15% Offense, 2t.",-,-,The target starts breaking down; an ally visibly draws on the yield.
M-MYCELIUM-4,MYCELIUM,4,We Are Elsewhere,0,0,0,3,"+30% Defense (self, 1t); cleanse 1.",As Stage 3 with reduced magnitudes (~80% of listed values).,"+50% Defense (self, 1t); cleanse all self debuffs.",-,-,"The fruiting body slumps, hollow — the network was never only here."
M-KRAKEN-1,KRAKEN,1,Colossal Sweep,50,65,80,0,Damage.,Damage.,Damage.,-,-,An arm the size of a bridge span clears the space.
M-KRAKEN-2,KRAKEN,2,Eightfold Grip,50,65,80,1,Damage; Crushed Slow 1t.,As Stage 3 with reduced magnitudes (~80% of listed values).,"Damage; Crushed Slow: target -1 Speed stage, 2t.",-,-,Arms find every limb and joint at once and constrict.
M-KRAKEN-3,KRAKEN,3,Cavern Collapse,70,95,120,2,"Damage; Pinned: -10%, 1t.",As Stage 3 with reduced magnitudes (~80% of listed values).,"Damage; Pinned: target -15% Defense, 2t.",-,-,The kraken pulls the ceiling down; the cave becomes a fist.
M-KRAKEN-4,KRAKEN,4,Wake the Deep,95,130,160,4,Damage; +10% per debuff (max +30%).,As Stage 3 with reduced magnitudes (~80% of listed values).,Damage; +20% more per debuff on target (max +60%).,-,+30% damage vs Aquatic targets (everything in the water answers to it).,The 'cave formation' opens its eye. The water level changes.
M-CRYSTALWRAITH-1,CRYSTALWRAITH,1,Shardflick,30,40,50,0,Damage only.,As Stage 3 with reduced magnitudes (~80% of listed values).,"Damage; Glass Splinter: target bleeds 3% max HP/turn, 2t.",-,-,An orbiting shard snaps out on an invisible thread.
M-CRYSTALWRAITH-2,CRYSTALWRAITH,2,Prism Orbit,0,0,0,2,Next hit taken -20%.,As Stage 3 with reduced magnitudes (~80% of listed values).,Next 2 hits taken -30%.,-,-,The drifting crystals accelerate into a glittering defensive ring.
M-CRYSTALWRAITH-3,CRYSTALWRAITH,3,Refraction Lance,50,65,80,1,Damage.,As Stage 3 with reduced magnitudes (~80% of listed values).,Damage; ignores 15% of target Defense.,-,-,Light bends through the wraith and exits as a solid beam.
M-CRYSTALWRAITH-4,CRYSTALWRAITH,4,Crystallize Grief,70,95,120,3,"Damage; Vitrified: -1 Speed stage, 1t.",As Stage 3 with reduced magnitudes (~80% of listed values).,"Damage; Vitrified: target -2 Speed stages and -10% Defense, 1t.",-,+35% damage vs Horror targets (it gives shape to the shapeless).,"Sorrow condenses on the target as spreading, weighty glass."
M-ASHBAT-1,ASHBAT,1,Grey Nip,30,40,50,0,Damage; heals 15%.,As Stage 3 with reduced magnitudes (~80% of listed values).,Damage; user heals 30% of damage dealt.,-,-,A featherweight bite; colour drains from the point of contact.
M-ASHBAT-2,ASHBAT,2,Life Sip,50,65,80,1,Damage; heals 25%.,As Stage 3 with reduced magnitudes (~80% of listed values).,Damage; user heals 50% of damage dealt.,-,-,A visible grey stream flows from target to bat.
M-ASHBAT-3,ASHBAT,3,Grey Wake,0,0,0,2,"Ashen: -25%, 1t.",As Stage 3 with reduced magnitudes (~80% of listed values).,"Ashen: target's healing received -50%, 2t.",-,-,The bat's wake settles on the target like fine ash that will not brush off.
M-ASHBAT-4,ASHBAT,4,Final Draught,95,130,160,3,Damage; heals 20%; +20% vs Ashen.,As Stage 3 with reduced magnitudes (~80% of listed values).,Damage; user heals 40% of damage dealt; +40% more vs targets with Ashen.,-,-,The bat drinks until the target's outline goes monochrome.
M-GEMBORN-1,GEMBORN,1,Facet Jab,30,40,50,0,Damage.,Damage.,Damage.,-,-,A crystalline knuckle catches the light on the way in.
M-GEMBORN-2,GEMBORN,2,Core Shine,0,0,0,2,+20% Defense; no Dazzled.,As Stage 3 with reduced magnitudes (~80% of listed values).,"+30% Defense (self, 2t); the next creature to hit the user gains Dazzled: -10% Offense, 1t.",-,-,The heart-gem flares through the body's translucence.
M-GEMBORN-3,GEMBORN,3,Hardlight Wall,0,0,0,2,"-20%, 1t.",As Stage 3 with reduced magnitudes (~80% of listed values).,"One ally takes -30% damage, 1t.",Construct allies take -45% damage instead.,-,A pane of projected gemlight snaps into place before the ally.
M-GEMBORN-4,GEMBORN,4,Heartstone Beam,70,95,120,3,Damage.,Damage.,Damage.,-,+35% damage vs Vampiric targets (focused light against the night-feeders).,The creature aims its own chest; the gem discharges through it.
M-BLOODCARVER-1,BLOODCARVER,1,Incision,30,40,50,0,Damage only.,As Stage 3 with reduced magnitudes (~80% of listed values).,"Damage; Precise Cut: target bleeds 3% max HP/turn, 2t.",-,-,"One clean line, placed exactly where intended."
M-BLOODCARVER-2,BLOODCARVER,2,Arterial Map,0,0,0,1,"Marked Veins: +15%, 2t.",As Stage 3 with reduced magnitudes (~80% of listed values).,"Marked Veins: user deals +25% more to the target, 2t.",-,-,Faint red lines glow through the target's skin — a diagram only it can read.
M-BLOODCARVER-3,BLOODCARVER,3,Surgical Strike,70,95,120,2,Damage; ignores 10%.,As Stage 3 with reduced magnitudes (~80% of listed values).,Damage; ignores 25% of target Defense.,-,-,The blow enters at the one seam the armor cannot cover.
M-BLOODCARVER-4,BLOODCARVER,4,Masterpiece,95,130,160,3,Damage; +25% vs Precise Cut.,As Stage 3 with reduced magnitudes (~80% of listed values).,Damage; +50% more vs targets with Precise Cut.,-,-,The earlier incision was the sketch. This is the finished work.
M-SHATTERSPECTER-1,SHATTERSPECTER,1,Fragment Swipe,30,40,50,0,Damage.,Damage.,Damage.,-,-,A disconnected hand crosses the space between its pieces.
M-SHATTERSPECTER-2,SHATTERSPECTER,2,Come Apart,0,0,0,2,Next hit taken -25%.,As Stage 3 with reduced magnitudes (~80% of listed values).,Next 2 hits taken -35%.,-,-,The specter disassembles; strikes pass through the gaps.
M-SHATTERSPECTER-3,SHATTERSPECTER,3,Piecewise Assault,50,65,80,1,Damage as 2 hits.,As Stage 3 with reduced magnitudes (~80% of listed values).,Damage as 4 hits.,-,-,"Each fragment attacks separately, from four directions."
M-SHATTERSPECTER-4,SHATTERSPECTER,4,Reassembled Wrong,95,130,160,4,"Damage; Wrong Geometry: -10% Offense, 1t.",As Stage 3 with reduced magnitudes (~80% of listed values).,"Damage; Wrong Geometry: target -15% Offense and -10% Defense, 2t.",-,+30% damage vs Construct targets (it knows how things fit — and how they don't).,"The specter rebuilds itself around the target, briefly, incorrectly."
M-VOIDHOUND-1,VOIDHOUND,1,Predestined Bite,30,40,50,0,Damage only.,As Stage 3 with reduced magnitudes (~80% of listed values).,Damage; +20% more if user acted before the target this turn.,-,-,"The jaws close where the target arrives, not where it was."
M-VOIDHOUND-2,VOIDHOUND,2,Scent of Endings,0,0,0,1,"Death-Marked: +10%, 2t.",As Stage 3 with reduced magnitudes (~80% of listed values).,"Death-Marked: user deals +20% more to the target, 3t.",-,-,The hound inhales once; something in the target's shadow flinches.
M-VOIDHOUND-3,VOIDHOUND,3,Devour Vitality,70,95,120,2,Damage; heals 20%.,As Stage 3 with reduced magnitudes (~80% of listed values).,Damage; user heals 40% of damage dealt.,-,-,The bite takes something less visible than flesh.
M-VOIDHOUND-4,VOIDHOUND,4,The Hunt Concludes,95,130,160,3,"Damage; +25%, consumes mark.",As Stage 3 with reduced magnitudes (~80% of listed values).,Damage; +50% more vs targets with Death-Marked; consumes the mark.,-,+30% damage vs Vampiric targets (it hunts the other life-eaters).,Every shadow in the room points the same way as the hound leaps.
M-DOPPELGANGER-1,DOPPELGANGER,1,Mirror Jab,30,40,50,0,Damage.,Damage.,Damage.,-,-,"Your own arm, thrown back at you a half-beat late."
M-DOPPELGANGER-2,DOPPELGANGER,2,Copied Stance,0,0,0,2,Remove 1 buff (no steal).,As Stage 3 with reduced magnitudes (~80% of listed values).,Steal 1 buff from the target.,-,-,The reflection adjusts its posture; suddenly the advantage is on its side.
M-DOPPELGANGER-3,DOPPELGANGER,3,Familiar Face,0,0,0,2,"Unsettled: -10%, 1t.",As Stage 3 with reduced magnitudes (~80% of listed values).,"Unsettled: target -15% Offense, 2t.",-,-,"It turns around. The face is the target's own, slightly wrong."
M-DOPPELGANGER-4,DOPPELGANGER,4,Perfect Reflection,70,95,120,3,Damage; +20% vs buffed.,As Stage 3 with reduced magnitudes (~80% of listed values).,Damage; +40% more vs targets with any active buff.,-,-,For one frame the two silhouettes are identical. Then one falls.
M-NOSFERATU-1,NOSFERATU,1,Contempt,30,40,50,0,Damage.,Damage.,Damage.,-,-,A gloved backhand delivered without looking.
M-NOSFERATU-2,NOSFERATU,2,Noble Feast,70,95,120,2,Damage; heals 25%.,As Stage 3 with reduced magnitudes (~80% of listed values).,Damage; user heals 50% of damage dealt.,-,-,The noble feeds with terrible etiquette; not a drop is wasted.
M-NOSFERATU-3,NOSFERATU,3,Command Presence,0,0,0,2,"Cowed: -10%, 1t.",As Stage 3 with reduced magnitudes (~80% of listed values).,"Cowed: target -15% Offense, 2t.","Vampiric allies gain +15% Offense, 2t.",-,The ancient meets the target's eyes; the target looks away first.
M-NOSFERATU-4,NOSFERATU,4,Red Formality,95,130,160,4,Damage; heals 20%; no Bled Dry.,As Stage 3 with reduced magnitudes (~80% of listed values).,"Damage; user heals 40% of damage dealt; Bled Dry: target's healing received -50%, 2t.",-,-,"A single courteous bow, a single motion, and the matter is settled."
M-PHYLACTERY-1,PHYLACTERY,1,Soulspark,30,40,50,0,Damage.,Damage.,Damage.,-,-,A mote of pale fire leaps from the gem-vein to the target.
M-PHYLACTERY-2,PHYLACTERY,2,Gemfire Bolt,50,65,80,1,Damage.,Damage.,Damage.,-,+30% damage vs Void targets (soulfire abhors the empty).,A lance of violet flame drawn straight from the buried soul-vessel.
M-PHYLACTERY-3,PHYLACTERY,3,Leaden Curse,0,0,0,2,"Soulweight: -1 Speed stage, 1t.",As Stage 3 with reduced magnitudes (~80% of listed values).,"Soulweight: target -1 Speed stage and -10% Offense, 2t.",-,-,The target's shadow doubles in darkness and drags at its heels.
M-PHYLACTERY-4,PHYLACTERY,4,Soul Elsewhere,0,0,0,4,"Once per battle: survive with 1 HP, then user -20% Defense, 1t.",As Stage 3 with reduced magnitudes (~80% of listed values).,Once per battle: the first killing blow this battle leaves the user at 1 HP instead.,-,-,"The body cracks apart — and re-knits, anchored to a light inside the wall."
M-SPECULUM-1,SPECULUM,1,Backwards Cut,30,40,50,0,Damage.,Damage.,Damage.,-,-,The wound appears before the surface finishes moving.
M-SPECULUM-2,SPECULUM,2,What It Reflects,0,0,0,2,"Reflected Doubt only, 1t.",As Stage 3 with reduced magnitudes (~80% of listed values).,"Copy the target's newest buff to self; Reflected Doubt: target -10% Offense, 2t.",-,-,The blank surface ripples; something the target owned now shows on it.
M-SPECULUM-3,SPECULUM,3,Nothing Looks Back,0,0,0,2,"Hollow Gaze: -10%, 1t.",As Stage 3 with reduced magnitudes (~80% of listed values).,"The next creature to hit the user gains Hollow Gaze: -20% Offense, 2t.",-,-,Attackers see themselves missing from the mirror — and hesitate.
M-SPECULUM-4,SPECULUM,4,Step Through,95,130,160,4,Damage; ignores 15%.,As Stage 3 with reduced magnitudes (~80% of listed values).,Damage; ignores 30% of target Defense.,-,+40% damage vs Spectral targets (what emerges collects reflections).,A hand — then more than a hand — exits the surface at the target.
M-CINDERSHARD-1,CINDERSHARD,1,Glass Chip,30,40,50,0,Damage only.,As Stage 3 with reduced magnitudes (~80% of listed values).,"Damage; Obsidian Sliver: target bleeds 3% max HP/turn, 2t.",-,-,"A flake of itself, flicked hard enough to bury."
M-CINDERSHARD-2,CINDERSHARD,2,Self-Replicate,0,0,0,2,+20% Defense; no reflect.,As Stage 3 with reduced magnitudes (~80% of listed values).,"+30% Defense (self, 2t); attackers take 10% of their damage back.",-,-,New shards crystallize from the heat-haze and slot into place.
M-CINDERSHARD-3,CINDERSHARD,3,Shard Storm,50,65,80,1,Damage as 2 hits.,As Stage 3 with reduced magnitudes (~80% of listed values).,Damage as 3 hits.,-,-,The fragment spins; a halo of glass splinters saws outward.
M-CINDERSHARD-4,CINDERSHARD,4,Calving Burst,95,130,160,4,Damage; Slivered 1t.,As Stage 3 with reduced magnitudes (~80% of listed values).,"Damage; Slivered: target -10% Defense, 2t.",-,-,The shard splits violently in two; both halves are already regrowing.
M-ASHWALKER-1,ASHWALKER,1,Ash Cuff,30,40,50,0,Damage.,Damage.,Damage.,-,-,A grey fist that leaves a powder print.
M-ASHWALKER-2,ASHWALKER,2,Residual Purpose,0,0,0,2,Cleanse 1; +15% Defense.,As Stage 3 with reduced magnitudes (~80% of listed values).,"Cleanse all self debuffs; +25% Defense (self, 2t).",-,-,"The golem straightens; whatever it was for, it remembers enough."
M-ASHWALKER-3,ASHWALKER,3,Choking Cloud,0,0,0,2,"Ashlung: -10%, 1t.",As Stage 3 with reduced magnitudes (~80% of listed values).,"Ashlung: target -15% Offense, 2t.",-,-,"The walker exhales a slow, hot grey plume that hangs at head height."
M-ASHWALKER-4,ASHWALKER,4,Bonefire March,70,95,120,3,Damage; +20% vs Ashlung.,As Stage 3 with reduced magnitudes (~80% of listed values).,Damage; +40% more vs targets with Ashlung.,-,+30% damage vs Beast targets (lungs are a weakness it lacks).,"It walks through its own cloud, igniting it as it comes."
M-MOLOCH-1,MOLOCH,1,Idol Fist,50,65,80,0,Damage.,Damage.,Damage.,-,-,A hand of furnace-hot iron falls like a verdict.
M-MOLOCH-2,MOLOCH,2,Furnace Belly,0,0,0,2,"Branded: 3%/turn, 1t.",As Stage 3 with reduced magnitudes (~80% of listed values).,"The next creature to hit the user gains Branded: 3% max HP/turn, 2t.",-,-,The belly-grate glows white; touching the idol has a price.
M-MOLOCH-3,MOLOCH,3,Iron Adoration,0,0,0,2,"+25% Defense (self, 2t).",As Stage 3 with reduced magnitudes (~80% of listed values).,"+35% Defense (self, 2t).","Construct allies gain +15% Defense, 2t.",-,The idol settles into worship-stillness; its plates seal seamlessly.
M-MOLOCH-4,MOLOCH,4,Sacrificial Maw,95,130,160,4,Damage; +20% execute bonus.,As Stage 3 with reduced magnitudes (~80% of listed values).,Damage; +40% more vs targets below 50% HP.,-,-,The belly-grate opens. The fire inside is very old and very hungry.
M-BLAZEWYRM-1,BLAZEWYRM,1,Flame Lash,30,40,50,0,Damage only.,As Stage 3 with reduced magnitudes (~80% of listed values).,"Damage; Kindling: 3% max HP/turn, 2t.",-,-,A whip of living fire licks across the target.
M-BLAZEWYRM-2,BLAZEWYRM,2,Scorch Trail,0,0,0,1,"Self +1 Speed stage, 1t.",As Stage 3 with reduced magnitudes (~80% of listed values).,"Self +1 Speed stage, 1t; the next creature to hit the user gains Kindling: 3% max HP/turn, 1t.",-,-,"The serpent accelerates, its wake a line of standing flame."
M-BLAZEWYRM-3,BLAZEWYRM,3,Fire Coil,70,95,120,2,Damage; Cindered 1t.,As Stage 3 with reduced magnitudes (~80% of listed values).,"Damage; Cindered: target -10% Defense, 2t.",-,-,Burning loops stack around the target and tighten.
M-BLAZEWYRM-4,BLAZEWYRM,4,Wyrmflare,95,130,160,3,Damage.,Damage.,Damage.,-,+45% damage vs Floral targets (fire against growth).,The wyrm rears and exhales its own body-heat in one white cone.
M-INFERNOCHIMERA-1,INFERNOCHIMERA,1,Threefold Snap,30,40,50,0,Damage as 2 hits.,As Stage 3 with reduced magnitudes (~80% of listed values).,Damage as 3 hits.,-,-,"Three heads strike in sequence — left, right, center."
M-INFERNOCHIMERA-2,INFERNOCHIMERA,2,Discordant Roar,0,0,0,2,"Rattled: -10% Offense, 1t.",As Stage 3 with reduced magnitudes (~80% of listed values).,"Rattled: target -10% Offense and -10% Defense, 1t.",-,-,Three voices roar three different notes; the dissonance hits like heat.
M-INFERNOCHIMERA-3,INFERNOCHIMERA,3,Trisected Flame,70,95,120,2,"Damage as 2 hits, no burn.",As Stage 3 with reduced magnitudes (~80% of listed values).,"Damage as 3 hits; each applies Chimeric Burn: 2% max HP/turn, 1t.",-,-,Three breath-cones of different colours converge on one point.
M-INFERNOCHIMERA-4,INFERNOCHIMERA,4,Three Heads One Hunger,95,130,160,4,Damage; +10% per DoT (max +20%).,As Stage 3 with reduced magnitudes (~80% of listed values).,Damage; +15% more per active damage-over-time on the target (max +45%).,-,-,For once the heads agree. All three bite the same place.
M-FERRODRAKE-1,FERRODRAKE,1,Pig-Iron Bite,50,65,80,0,Damage.,Damage.,Damage.,-,-,Jaws of cast iron close with a foundry clang.
M-FERRODRAKE-2,FERRODRAKE,2,Foundry Hide,0,0,0,2,+25% Defense; no reflect.,As Stage 3 with reduced magnitudes (~80% of listed values).,"+35% Defense (self, 2t); attackers take 10% of their damage back.",-,-,The plates seat themselves tighter; rivets glow along the seams.
M-FERRODRAKE-3,FERRODRAKE,3,Molten Rivets,50,65,80,1,Damage; Rivetburn 1t.,As Stage 3 with reduced magnitudes (~80% of listed values).,"Damage; Rivetburn: target -10% Defense, 2t.",-,-,White-hot rivets fire from the shoulder-plates like grapeshot.
M-FERRODRAKE-4,FERRODRAKE,4,Blastfurnace Roar,95,130,160,4,Damage.,Damage.,Damage.,-,+40% damage vs Construct targets (the forge outranks the forged).,The chest-furnace doors swing open mid-roar; the blast is industrial.
M-IGNIFER-1,IGNIFER,1,Cinder Slash,30,40,50,0,Damage.,Damage.,Damage.,-,-,A claw of banked embers drags four glowing lines.
M-IGNIFER-2,IGNIFER,2,Stoke,0,0,0,1,"Self +20% Offense, 2t.",As Stage 3 with reduced magnitudes (~80% of listed values).,"Self +35% Offense, 2t.",-,-,The internal firestorm brightens through the scale-seams.
M-IGNIFER-3,IGNIFER,3,Containment Failure,70,95,120,2,"Damage; Leak: 3%/turn, 1t.",As Stage 3 with reduced magnitudes (~80% of listed values).,"Damage; Firestorm Leak: 4% max HP/turn, 2t.",-,-,A scale lifts; a jet of the inner storm escapes at the target.
M-IGNIFER-4,IGNIFER,4,Uncontained,95,130,160,4,Damage; user loses 10% max HP.,Damage; user loses 10% max HP.,Damage; user loses 10% max HP.,-,+40% damage vs Fungal targets (sterilizing flame).,The dragon stops holding itself together. Briefly. Deliberately.
M-VIGIL-1,VIGIL,1,Warden Strike,30,40,50,0,Damage.,Damage.,Damage.,-,-,"A measured blow, exactly as hard as required and no harder."
M-VIGIL-2,VIGIL,2,Standing Order,0,0,0,2,+20% Defense only.,As Stage 3 with reduced magnitudes (~80% of listed values).,"+30% Defense (self, 2t); if the user was not hit last turn, also +15% Offense, 2t.",-,-,The construct resets to its waiting posture; readiness accumulates.
M-VIGIL-3,VIGIL,3,Protocol Shield,0,0,0,2,"-20%, 1t.",As Stage 3 with reduced magnitudes (~80% of listed values).,"One ally takes -35% damage, 1t.",Construct allies take -50% damage instead.,-,A barrier of pale instruction-light projects in front of the ally.
M-VIGIL-4,VIGIL,4,Contingency Zero,95,130,160,4,Damage; +25% retribution bonus.,As Stage 3 with reduced magnitudes (~80% of listed values).,Damage; +50% more if any ally was damaged last turn.,-,-,Something long-dormant authorizes force. The response is total.
M-PYRIEL-1,PYRIEL,1,Primordial Spark,50,65,80,0,Damage.,Damage.,Damage.,-,-,A single spark older than colour; it lands like a hammer.
M-PYRIEL-2,PYRIEL,2,First Flame,0,0,0,2,"Unquenchable: 3%/turn, 2t; cannot be cleansed.",As Stage 3 with reduced magnitudes (~80% of listed values).,"Unquenchable: 5% max HP/turn, 2t; cannot be cleansed.",-,-,"A small, patient flame that ignores water, wind, and argument."
M-PYRIEL-3,PYRIEL,3,Anoint in Fire,0,0,0,2,"One ally +15% Offense, 2t.",As Stage 3 with reduced magnitudes (~80% of listed values).,"One ally +25% Offense, 2t.",Elemental and Demon allies gain +40% Offense instead.,-,"Fire passes over the ally without burning — a coronation, not an attack."
M-PYRIEL-4,PYRIEL,4,Before There Was Light,95,130,160,4,Damage; ignores 10%; no rider.,As Stage 3 with reduced magnitudes (~80% of listed values).,"Damage; ignores 25% of target Defense; applies Unquenchable: 5% max HP/turn, 2t.",-,+35% damage vs Celestial targets (the fire predates their light).,Everything dims except the burning. The burning was here first.
M-DEMIURGE-1,DEMIURGE,1,Editing Stroke,50,65,80,0,Damage.,Damage.,Damage.,-,-,"A single line is drawn through the target, as through a word."
M-DEMIURGE-2,DEMIURGE,2,Rewrite Terms,0,0,0,3,Transfer 1 debuff.,As Stage 3 with reduced magnitudes (~80% of listed values).,Transfer all self debuffs to the target.,-,-,The designer annotates; the errors change ownership.
M-DEMIURGE-3,DEMIURGE,3,Design Flaw,0,0,0,2,"Flawed Make: -10% Defense, 1t.",As Stage 3 with reduced magnitudes (~80% of listed values).,"Flawed Make: target -15% Defense and -10% Offense, 2t.","Celestial and Eldritch allies gain +15% Offense, 2t.",-,"Blueprint-lines flicker over the target, highlighting one joint in red."
M-DEMIURGE-4,DEMIURGE,4,Deprecation,95,130,160,4,Damage; +20% vs Flawed Make.,As Stage 3 with reduced magnitudes (~80% of listed values).,Damage; +40% more vs targets with Flawed Make.,-,+35% damage vs Construct targets (it unmakes the made).,"The target's outline is redrawn without its best features, then struck."
